0.000353813,-0.520171225,2.073348284,-2.153387308,-0.403851573,0.481764326,-0.597321049,0.498010648
0.017086029,-0.520171225,2.073348284,-2.153387308,-0.403851573,0.481764326,-0.597321049,0.498010648
0.033615351,-0.52001971,2.073182821,-2.153750658,-0.403877149,0.481718334,-0.597272047,0.498093161
0.050303936,-0.52001971,2.073182821,-2.153750658,-0.403877149,0.481718334,-0.597272047,0.498093161
0.066955805,-0.519924521,2.073415279,-2.153501034,-0.403637961,0.481893286,-0.597372254,0.497997638
0.083962917,-0.519924521,2.073415279,-2.153501034,-0.403637961,0.481893286,-0.597372254,0.497997638
0.100647688,-0.519891381,2.073372126,-2.153570175,-0.403677693,0.481919662,-0.597323613,0.497998254
0.117338657,-0.519891381,2.073372126,-2.153570175,-0.403677693,0.481919662,-0.597323613,0.497998254
0.134019375,-0.519659519,2.073297977,-2.153689861,-0.403720612,0.481937633,-0.597309878,0.497962545
0.150396347,-0.519659519,2.073297977,-2.153689861,-0.403720612,0.481937633,-0.597309878,0.497962545
0.167036295,-0.519978285,2.073202133,-2.153488636,-0.403808165,0.48179475,-0.597289992,0.498053662
0.183729172,-0.519978285,2.073202133,-2.153488636,-0.403808165,0.48179475,-0.597289992,0.498053662
0.200348616,-0.519971967,2.073141575,-2.153136969,-0.403626101,0.48181228,-0.597410466,0.498039791
0.217088699,-0.519971967,2.073141575,-2.153136969,-0.403626101,0.48181228,-0.597410466,0.498039791
0.233664513,-0.520002425,2.073095798,-2.153101921,-0.403627955,0.481787926,-0.597396183,0.498078978
0.250322104,-0.520002425,2.073095798,-2.153101921,-0.403627955,0.481787926,-0.597396183,0.498078978
0.26704073,-0.519858181,2.073297977,-2.153500795,-0.403670778,0.481821539,-0.597328624,0.498092785
0.28381753,-0.519858181,2.073297977,-2.153500795,-0.403670778,0.481821539,-0.597328624,0.498092785
0.300449371,-0.519674778,2.073335409,-2.153627634,-0.403668309,0.481753276,-0.597405764,0.4980683
0.317065477,-0.519674778,2.073335409,-2.153627634,-0.403668309,0.481753276,-0.597405764,0.4980683
0.333707333,-0.520038068,2.073164225,-2.153758287,-0.403796134,0.481717383,-0.597393432,0.498014189
0.35043478,-0.520038068,2.073164225,-2.153758287,-0.403796134,0.481717383,-0.597393432,0.498014189
0.36706543,-0.520057321,2.073320866,-2.15348196,-0.403817542,0.481730393,-0.597369756,0.498012646
0.383853912,-0.520057321,2.073320866,-2.15348196,-0.403817542,0.481730393,-0.597369756,0.498012646
0.400408983,-0.519825578,2.073127508,-2.153558254,-0.403923132,0.481847249,-0.597265143,0.497939435
0.417140007,-0.519825578,2.073127508,-2.153558254,-0.403923132,0.481847249,-0.597265143,0.497939435
0.433875322,-0.519808829,2.073196888,-2.153628588,-0.403941858,0.481808397,-0.59726157,0.497966125
0.45042038,-0.519808829,2.073196888,-2.153628588,-0.403941858,0.481808397,-0.59726157,0.497966125
0.467125893,-0.520139277,2.073184729,-2.153503895,-0.40401732,0.481829245,-0.597182304,0.497979798
0.483855486,-0.520139277,2.073184729,-2.153503895,-0.40401732,0.481829245,-0.597182304,0.497979798
0.500459433,-0.520270884,2.073359013,-2.153467655,-0.404016429,0.481892084,-0.597184233,0.497917399
0.517303228,-0.520270884,2.073359013,-2.153467655,-0.404016429,0.481892084,-0.597184233,0.497917399
0.533767939,-0.520088613,2.073117733,-2.153695345,-0.404330959,0.482198941,-0.596933379,0.49766575
0.550546885,-0.520088613,2.073117733,-2.153695345,-0.404330959,0.482198941,-0.596933379,0.49766575
0.567088842,-0.51968956,2.072911978,-2.153940201,-0.40513472,0.482965722,-0.596274931,0.497057519
0.583734751,-0.51968956,2.072911978,-2.153940201,-0.40513472,0.482965722,-0.596274931,0.497057519
0.600293875,-0.519642413,2.072788477,-2.153836489,-0.406107709,0.484322138,-0.595252479,0.496168401
0.617080688,-0.519642413,2.072788477,-2.153836489,-0.406107709,0.484322138,-0.595252479,0.496168401
0.633716106,-0.51949805,2.072946787,-2.153474808,-0.407644535,0.486228036,-0.593796014,0.494787352
0.650362968,-0.51949805,2.072946787,-2.153474808,-0.407644535,0.486228036,-0.593796014,0.494787352
0.667020798,-0.519215584,2.072417974,-2.153716803,-0.41011224,0.48907688,-0.591527153,0.492653411
0.683730364,-0.519215584,2.072417974,-2.153716803,-0.41011224,0.48907688,-0.591527153,0.492653411
0.700652599,-0.519180536,2.072277308,-2.153684139,-0.413562018,0.493062276,-0.588312084,0.489637561
0.717356443,-0.519180536,2.072277308,-2.153684139,-0.413562018,0.493062276,-0.588312084,0.489637561
0.733881712,-0.518486917,2.070735693,-2.154751301,-0.417026433,0.495663208,-0.58601287,0.4868222
0.750531912,-0.518486917,2.070735693,-2.154751301,-0.417026433,0.495663208,-0.58601287,0.4868222
0.767039061,-0.516504467,2.072849274,-2.15481019,-0.419103982,0.496017239,-0.585235716,0.48561086
0.78371501,-0.516504467,2.072849274,-2.15481019,-0.419103982,0.496017239,-0.585235716,0.48561086
0.800328016,-0.514941931,2.075652361,-2.155454397,-0.421524753,0.49620436,-0.583563858,0.485336315
0.817073107,-0.514941931,2.075652361,-2.155454397,-0.421524753,0.49620436,-0.583563858,0.485336315
0.833634377,-0.51271832,2.081770658,-2.154917479,-0.423091255,0.496600663,-0.581542589,0.485993611
0.850335836,-0.51271832,2.081770658,-2.154917479,-0.423091255,0.496600663,-0.581542589,0.485993611
0.866995811,-0.510334432,2.088978767,-2.154555321,-0.424359141,0.494789288,-0.58093817,0.487456381
0.883757114,-0.510334432,2.088978767,-2.154555321,-0.424359141,0.494789288,-0.58093817,0.487456381
0.900305986,-0.508846164,2.095914125,-2.15465188,-0.427040893,0.493960732,-0.578889075,0.488391554
0.917044401,-0.508846164,2.095914125,-2.15465188,-0.427040893,0.493960732,-0.578889075,0.488391554
0.933864594,-0.506264567,2.103656769,-2.155020952,-0.429437676,0.494441431,-0.576969415,0.488075044
0.950449467,-0.506264567,2.103656769,-2.155020952,-0.429437676,0.494441431,-0.576969415,0.488075044
0.967168331,-0.50340867,2.112327099,-2.155362844,-0.430315696,0.496934247,-0.576212166,0.485658621
0.983785868,-0.50340867,2.112327099,-2.155362844,-0.430315696,0.496934247,-0.576212166,0.485658621
1.000411749,-0.499860138,2.120830536,-2.155707121,-0.433343984,0.498501678,-0.574011674,0.483962465
1.017094135,-0.499860138,2.120830536,-2.155707121,-0.433343984,0.498501678,-0.574011674,0.483962465
1.033750772,-0.496557951,2.132818699,-2.155645609,-0.43553328,0.500151631,-0.572076593,0.482584168
1.050406933,-0.496557951,2.132818699,-2.155645609,-0.43553328,0.500151631,-0.572076593,0.482584168
1.067081213,-0.493255973,2.146326542,-2.156106472,-0.436061558,0.501633127,-0.571226136,0.481575773
1.083847761,-0.493255973,2.146326542,-2.156106472,-0.436061558,0.501633127,-0.571226136,0.481575773
1.100568533,-0.489860862,2.159969807,-2.15692234,-0.435114041,0.50331497,-0.572229803,0.479481871
1.117092371,-0.489860862,2.159969807,-2.15692234,-0.435114041,0.50331497,-0.572229803,0.479481871
1.133749723,-0.485876441,2.174136877,-2.157636642,-0.435141583,0.506453258,-0.572068451,0.476334533
1.150419235,-0.485876441,2.174136877,-2.157636642,-0.435141583,0.506453258,-0.572068451,0.476334533
1.167157888,-0.481883913,2.188934565,-2.157553911,-0.440796306,0.507569594,-0.567691481,0.475182182
1.183875084,-0.481883913,2.188934565,-2.157553911,-0.440796306,0.507569594,-0.567691481,0.475182182
1.200422764,-0.476906121,2.203876734,-2.156922817,-0.445292917,0.508576821,-0.564153971,0.474124596
1.217099667,-0.476906121,2.203876734,-2.156922817,-0.445292917,0.508576821,-0.564153971,0.474124596
1.233780622,-0.472074568,2.219623089,-2.156678438,-0.452654186,0.509560471,-0.561404928,0.469336576
1.250487089,-0.472074568,2.219623089,-2.156678438,-0.452654186,0.509560471,-0.561404928,0.469336576
1.267045736,-0.46786651,2.23635745,-2.157481194,-0.458059699,0.509675262,-0.558902635,0.466947839
1.283780813,-0.46786651,2.23635745,-2.157481194,-0.458059699,0.509675262,-0.558902635,0.466947839
1.300476074,-0.462539434,2.251899481,-2.156110287,-0.460065362,0.50811784,-0.560774085,0.464422813
1.317072153,-0.462539434,2.251899481,-2.156110287,-0.460065362,0.50811784,-0.560774085,0.464422813
1.333763599,-0.457226396,2.268542528,-2.154578924,-0.464009572,0.508100855,-0.563679694,0.456939647
1.350566864,-0.457226396,2.268542528,-2.154578924,-0.464009572,0.508100855,-0.563679694,0.456939647
1.367033958,-0.451847523,2.283936501,-2.154879332,-0.468566353,0.508437329,-0.563375712,0.452266362
1.383894682,-0.451847523,2.283936501,-2.154879332,-0.468566353,0.508437329,-0.563375712,0.452266362
1.400427103,-0.445899069,2.297157288,-2.154260874,-0.473976527,0.510040273,-0.559659759,0.449428666
1.417076349,-0.445899069,2.297157288,-2.154260874,-0.473976527,0.510040273,-0.559659759,0.449428666
1.433752775,-0.442380458,2.309713364,-2.15349555,-0.477897879,0.512893692,-0.556620183,0.445788795
1.450539112,-0.442380458,2.309713364,-2.15349555,-0.477897879,0.512893692,-0.556620183,0.445788795
1.467099428,-0.439319819,2.320104122,-2.153300285,-0.480211145,0.517257814,-0.553616443,0.441984664
1.483826399,-0.439319819,2.320104122,-2.153300285,-0.480211145,0.517257814,-0.553616443,0.441984664
1.500385046,-0.436903387,2.3276124,-2.152212858,-0.479700662,0.52183821,-0.550510559,0.441033199
1.51735878,-0.436903387,2.3276124,-2.152212858,-0.479700662,0.52183821,-0.550510559,0.441033199
1.533835649,-0.434832662,2.334822178,-2.151533365,-0.478421496,0.523258498,-0.551333271,0.439710178
1.550484419,-0.434832662,2.334822178,-2.151533365,-0.478421496,0.523258498,-0.551333271,0.439710178
1.567106485,-0.433745086,2.340346575,-2.150230169,-0.476045535,0.526479797,-0.551738864,0.437931386
1.583865166,-0.433745086,2.340346575,-2.150230169,-0.476045535,0.526479797,-0.551738864,0.437931386
1.600416183,-0.431848705,2.34293294,-2.14735508,-0.473698964,0.531494207,-0.548263457,0.438782841
1.617097378,-0.431848705,2.34293294,-2.14735508,-0.473698964,0.531494207,-0.548263457,0.438782841
1.633747816,-0.430211365,2.34477663,-2.143836498,-0.469226319,0.538751788,-0.545780463,0.437831997
1.65041256,-0.430211365,2.34477663,-2.143836498,-0.469226319,0.538751788,-0.545780463,0.437831997
1.667079926,-0.42898795,2.346529722,-2.142436028,-0.464789462,0.546627307,-0.544114149,0.434866803
1.683815002,-0.42898795,2.346529722,-2.142436028,-0.464789462,0.546627307,-0.544114149,0.434866803
1.700395346,-0.428209037,2.346645355,-2.140639305,-0.464584415,0.549435657,-0.538802001,0.438148586
1.717282295,-0.428209037,2.346645355,-2.140639305,-0.464584415,0.549435657,-0.538802001,0.438148586
1.733740091,-0.427288443,2.347171545,-2.140410662,-0.466812152,0.550498016,-0.535528313,0.438460689
1.750435829,-0.427288443,2.347171545,-2.140410662,-0.466812152,0.550498016,-0.535528313,0.438460689
1.767038584,-0.426407367,2.346124172,-2.140835524,-0.471390124,0.548769149,-0.535216451,0.436104486
1.78385067,-0.426407367,2.346124172,-2.140835524,-0.471390124,0.548769149,-0.535216451,0.436104486
1.800474644,-0.425978333,2.345925093,-2.142393351,-0.475081198,0.54792554,-0.53438602,0.434173974
1.817030907,-0.425978333,2.345925093,-2.142393351,-0.475081198,0.54792554,-0.53438602,0.434173974
1.833785534,-0.425308049,2.345419645,-2.143739223,-0.478299211,0.547512201,-0.533159388,0.43266768
1.850399256,-0.425308049,2.345419645,-2.143739223,-0.478299211,0.547512201,-0.533159388,0.43266768
1.867185116,-0.424586892,2.344973326,-2.144354343,-0.478188077,0.55072348,-0.533367342,0.428437966
1.883818388,-0.424586892,2.344973326,-2.144354343,-0.478188077,0.55072348,-0.533367342,0.428437966
1.900459766,-0.424493849,2.342586994,-2.144091368,-0.479122818,0.552821058,-0.532086705,0.426279182
1.917216778,-0.424493849,2.342586994,-2.144091368,-0.479122818,0.552821058,-0.532086705,0.426279182
1.933863163,-0.424340993,2.341866493,-2.144246817,-0.480337284,0.55352998,-0.530645308,0.425788928
1.950437069,-0.424340993,2.341866493,-2.144246817,-0.480337284,0.55352998,-0.530645308,0.425788928
1.967057467,-0.423858136,2.33991909,-2.143800735,-0.481722278,0.555870938,-0.529471359,0.422624215
1.983797073,-0.423858136,2.33991909,-2.143800735,-0.481722278,0.555870938,-0.529471359,0.422624215
2.000384569,-0.423609525,2.337640524,-2.143129826,-0.483030118,0.559470821,-0.526151726,0.420521897
2.017065048,-0.423609525,2.337640524,-2.143129826,-0.483030118,0.559470821,-0.526151726,0.420521897
2.033831596,-0.422942311,2.334540129,-2.141927958,-0.48397018,0.565424809,-0.522047894,0.416573698
2.050451517,-0.422942311,2.334540129,-2.141927958,-0.48397018,0.565424809,-0.522047894,0.416573698
2.067060232,-0.422240913,2.33007741,-2.139965773,-0.486013461,0.571794974,-0.516755421,0.412074335
2.083767653,-0.422240913,2.33007741,-2.139965773,-0.486013461,0.571794974,-0.516755421,0.412074335
2.100447893,-0.421422422,2.324944973,-2.138591051,-0.48918731,0.577478338,-0.510333245,0.408380366
2.117092609,-0.421422422,2.324944973,-2.138591051,-0.48918731,0.577478338,-0.510333245,0.408380366
2.133760929,-0.420537472,2.318567514,-2.136126041,-0.494381154,0.583254123,-0.504235337,0.401433217
2.150593996,-0.420537472,2.318567514,-2.136126041,-0.494381154,0.583254123,-0.504235337,0.401433217
2.167054415,-0.41893658,2.311345339,-2.133611202,-0.50056167,0.589971923,-0.494992696,0.395415447
2.183759689,-0.41893658,2.311345339,-2.133611202,-0.50056167,0.589971923,-0.494992696,0.395415447
2.200361013,-0.416408151,2.3031919,-2.131574631,-0.507647303,0.597497431,-0.484835646,0.387589258
2.217203617,-0.416408151,2.3031919,-2.131574631,-0.507647303,0.597497431,-0.484835646,0.387589258
2.233729124,-0.413170159,2.293605328,-2.129461765,-0.514472904,0.609789486,-0.473273257,0.373479367
2.250605583,-0.413170159,2.293605328,-2.129461765,-0.514472904,0.609789486,-0.473273257,0.373479367
2.26703763,-0.409292608,2.283827305,-2.127177,-0.522703541,0.620094531,-0.459983878,0.361494969
2.283821344,-0.409292608,2.283827305,-2.127177,-0.522703541,0.620094531,-0.459983878,0.361494969
2.300415039,-0.40482533,2.272170305,-2.124629974,-0.532160503,0.633191893,-0.444003934,0.344577613
2.317179441,-0.40482533,2.272170305,-2.124629974,-0.532160503,0.633191893,-0.444003934,0.344577613
2.333768368,-0.399199307,2.261614323,-2.121321917,-0.540016204,0.64695197,-0.427457317,0.327285641
2.350516796,-0.399199307,2.261614323,-2.121321917,-0.540016204,0.64695197,-0.427457317,0.327285641
2.367077827,-0.392810136,2.250786304,-2.118497133,-0.546107209,0.661491872,-0.411697525,0.307734573
2.383854389,-0.392810136,2.250786304,-2.118497133,-0.546107209,0.661491872,-0.411697525,0.307734573
2.40045476,-0.385744393,2.240537405,-2.11568284,-0.553549331,0.674009073,-0.394906402,0.288693334
2.417152166,-0.385744393,2.240537405,-2.11568284,-0.553549331,0.674009073,-0.394906402,0.288693334
2.433756113,-0.378240317,2.230709553,-2.112537384,-0.560208303,0.686269882,-0.378571787,0.268111373
2.450447798,-0.378240317,2.230709553,-2.112537384,-0.560208303,0.686269882,-0.378571787,0.268111373
2.467111349,-0.369300187,2.221646786,-2.109184742,-0.566912857,0.698957508,-0.357834489,0.249043556
2.48385787,-0.369300187,2.221646786,-2.109184742,-0.566912857,0.698957508,-0.357834489,0.249043556
2.500498533,-0.359098047,2.212745428,-2.105866432,-0.575070179,0.710055965,-0.336207489,0.228208983
2.517173052,-0.359098047,2.212745428,-2.105866432,-0.575070179,0.710055965,-0.336207489,0.228208983
2.533783197,-0.347917885,2.204570293,-2.102386475,-0.582293786,0.721103013,-0.31490355,0.204401923
2.55047822,-0.347917885,2.204570293,-2.102386475,-0.582293786,0.721103013,-0.31490355,0.204401923
2.5674119,-0.335774481,2.196599245,-2.098917007,-0.59052578,0.729899803,-0.291158516,0.18371799
2.583853483,-0.335774481,2.196599245,-2.098917007,-0.59052578,0.729899803,-0.291158516,0.18371799
2.600442648,-0.322795749,2.189470291,-2.095038414,-0.598482978,0.737915791,-0.266822578,0.161567702
2.617128134,-0.322795749,2.189470291,-2.095038414,-0.598482978,0.737915791,-0.266822578,0.161567702
2.633734226,-0.310470819,2.183245182,-2.090941906,-0.604232122,0.745446504,-0.245074558,0.138388992
2.650428057,-0.310470819,2.183245182,-2.090941906,-0.604232122,0.745446504,-0.245074558,0.138388992
2.66710186,-0.29657194,2.17829299,-2.087092638,-0.608810827,0.751911391,-0.224524809,0.116478527
2.683796406,-0.29657194,2.17829299,-2.087092638,-0.608810827,0.751911391,-0.224524809,0.116478527
2.70046711,-0.28291449,2.173292398,-2.081432343,-0.611507546,0.760457877,-0.199490987,0.089250683
2.717158318,-0.28291449,2.173292398,-2.081432343,-0.611507546,0.760457877,-0.199490987,0.089250683
2.733874321,-0.26867485,2.169390678,-2.076390982,-0.613946339,0.766779612,-0.175985825,0.064404263
2.75045085,-0.26867485,2.169390678,-2.076390982,-0.613946339,0.766779612,-0.175985825,0.064404263
2.767103195,-0.254432023,2.166137218,-2.071255922,-0.61584691,0.772291568,-0.151571637,0.036391693
2.783750296,-0.254432023,2.166137218,-2.071255922,-0.61584691,0.772291568,-0.151571637,0.036391693
2.800319672,-0.240785211,2.166278124,-2.065535784,-0.615197942,0.777758496,-0.128731848,0.007164179
2.816916466,-0.240785211,2.166278124,-2.065535784,-0.615197942,0.777758496,-0.128731848,0.007164179
2.833647728,-0.226195589,2.165021896,-2.061264515,-0.614236861,0.781597216,-0.105973398,-0.024259193
2.85028553,-0.226195589,2.165021896,-2.061264515,-0.614236861,0.781597216,-0.105973398,-0.024259193
2.86694932,-0.212409869,2.165206671,-2.057575464,-0.615082257,0.782229396,-0.083224786,-0.05352218
2.883756161,-0.212409869,2.165206671,-2.057575464,-0.615082257,0.782229396,-0.083224786,-0.05352218
2.900313377,-0.199300006,2.165795088,-2.054417133,-0.613887147,0.782464649,-0.066447983,-0.080475518
2.917029381,-0.199300006,2.165795088,-2.054417133,-0.613887147,0.782464649,-0.066447983,-0.080475518
2.933854342,-0.184844419,2.166338682,-2.051286697,-0.610597217,0.782580642,-0.04942016,-0.110888348
2.950532198,-0.184844419,2.166338682,-2.051286697,-0.610597217,0.782580642,-0.04942016,-0.110888348
2.967112541,-0.172809944,2.167949438,-2.048400402,-0.608666848,0.780691937,-0.035242001,-0.13712319
2.983869553,-0.172809944,2.167949438,-2.048400402,-0.608666848,0.780691937,-0.035242001,-0.13712319
3.000498056,-0.159881011,2.17095232,-2.045777798,-0.604993537,0.778952218,-0.02096516,-0.163635951
3.01721406,-0.159881011,2.17095232,-2.045777798,-0.604993537,0.778952218,-0.02096516,-0.163635951
3.033797741,-0.147216305,2.173715115,-2.043597937,-0.600387708,0.776412898,-0.008198165,-0.191442947
3.050481558,-0.147216305,2.173715115,-2.043597937,-0.600387708,0.776412898,-0.008198165,-0.191442947
3.06709981,-0.136459887,2.176471233,-2.042060375,-0.594308337,0.774422484,0.001099087,-0.216947481
3.08382225,-0.136459887,2.176471233,-2.042060375,-0.594308337,0.774422484,0.001099087,-0.216947481
3.10033989,-0.126474082,2.179749489,-2.042310476,-0.589252661,0.771653519,0.009133684,-0.239267057
3.117249012,-0.126474082,2.179749489,-2.042310476,-0.589252661,0.771653519,0.009133684,-0.239267057
3.13356328,-0.117652886,2.182493687,-2.042615175,-0.583719341,0.769048621,0.016510025,-0.259929546
3.150205135,-0.117652886,2.182493687,-2.042615175,-0.583719341,0.769048621,0.016510025,-0.259929546
3.166874409,-0.110768385,2.18558383,-2.043097973,-0.57867509,0.766861295,0.02303397,-0.276637543
3.183634996,-0.110768385,2.18558383,-2.043097973,-0.57867509,0.766861295,0.02303397,-0.276637543
3.200268745,-0.104901753,2.188163042,-2.044107199,-0.575811652,0.76352585,0.027983081,-0.291008876
3.216906786,-0.104901753,2.188163042,-2.044107199,-0.575811652,0.76352585,0.027983081,-0.291008876
3.233577251,-0.100545406,2.189930201,-2.045588732,-0.575593665,0.759657096,0.032491265,-0.300927478
3.250237703,-0.100545406,2.189930201,-2.045588732,-0.575593665,0.759657096,0.032491265,-0.300927478
3.266869307,-0.09621378,2.190993786,-2.045826197,-0.575571137,0.75827343,0.034729388,-0.304192605
3.283588648,-0.09621378,2.190993786,-2.045826197,-0.575571137,0.75827343,0.034729388,-0.304192605
3.300233126,-0.093944274,2.1910429,-2.04603529,-0.574764592,0.75817294,0.035218913,-0.305906988
3.316918135,-0.093944274,2.1910429,-2.04603529,-0.574764592,0.75817294,0.035218913,-0.305906988
3.333898544,-0.090803012,2.190615892,-2.045170784,-0.572474312,0.759683724,0.03444392,-0.306541055
3.350567818,-0.090803012,2.190615892,-2.045170784,-0.572474312,0.759683724,0.03444392,-0.306541055
3.367377043,-0.089146525,2.190545321,-2.04439497,-0.570319754,0.761074752,0.033759188,-0.307182222
3.38382268,-0.089146525,2.190545321,-2.04439497,-0.570319754,0.761074752,0.033759188,-0.307182222
3.400384188,-0.087711707,2.190967798,-2.044144869,-0.569928287,0.760915056,0.034513915,-0.308218779
3.416933537,-0.087711707,2.190967798,-2.044144869,-0.569928287,0.760915056,0.034513915,-0.308218779
3.433873653,-0.086355343,2.191956282,-2.043898106,-0.56927964,0.760085672,0.036058299,-0.311272006
3.450242996,-0.086355343,2.191956282,-2.043898106,-0.56927964,0.760085672,0.036058299,-0.311272006
3.466880322,-0.085742459,2.193483114,-2.0437572,-0.570123506,0.75834071,0.03776065,-0.313771714
3.483596325,-0.085742459,2.193483114,-2.0437572,-0.570123506,0.75834071,0.03776065,-0.313771714
3.500335217,-0.084932715,2.194551229,-2.043652534,-0.569635934,0.757469186,0.039255937,-0.316566431
3.516897917,-0.084932715,2.194551229,-2.043652534,-0.569635934,0.757469186,0.039255937,-0.316566431
3.533632517,-0.084448889,2.195187807,-2.04344058,-0.568330184,0.757608706,0.039303703,-0.318567214
3.550228834,-0.084448889,2.195187807,-2.04344058,-0.568330184,0.757608706,0.039303703,-0.318567214
3.566915035,-0.08420784,2.195607662,-2.043545485,-0.567489251,0.757528769,0.039294379,-0.320253127
3.58362484,-0.08420784,2.195607662,-2.043545485,-0.567489251,0.757528769,0.039294379,-0.320253127
3.600376606,-0.0840386,2.195516109,-2.043720484,-0.567418035,0.757079975,0.039230063,-0.321446243
3.617239475,-0.0840386,2.195516109,-2.043720484,-0.567418035,0.757079975,0.039230063,-0.321446243
3.634066105,-0.083850011,2.195532322,-2.043162107,-0.5663865,0.757195415,0.038684404,-0.323055651
3.65059495,-0.083850011,2.195532322,-2.043162107,-0.5663865,0.757195415,0.038684404,-0.323055651
3.667053938,-0.084337182,2.196200609,-2.043232203,-0.564995474,0.756896655,0.037811333,-0.326278825
3.683758736,-0.084337182,2.196200609,-2.043232203,-0.564995474,0.756896655,0.037811333,-0.326278825
3.700372934,-0.084043033,2.19599247,-2.04326129,-0.564476384,0.756014788,0.036724059,-0.32933174
3.717069864,-0.084043033,2.19599247,-2.04326129,-0.564476384,0.756014788,0.036724059,-0.32933174
3.733736277,-0.083919302,2.1961236,-2.042823315,-0.563698852,0.754970969,0.034831163,-0.333240499
3.750667572,-0.083919302,2.1961236,-2.042823315,-0.563698852,0.754970969,0.034831163,-0.333240499
3.76706624,-0.084253937,2.196369171,-2.042688847,-0.561476737,0.754354563,0.032267534,-0.338602825
3.783772707,-0.084253937,2.196369171,-2.042688847,-0.561476737,0.754354563,0.032267534,-0.338602825
3.80026865,-0.084066041,2.195898533,-2.041819096,-0.557933596,0.754822428,0.028652364,-0.34370372
3.81690383,-0.084066041,2.195898533,-2.041819096,-0.557933596,0.754822428,0.028652364,-0.34370372
3.833586931,-0.08322306,2.196134806,-2.040978432,-0.554755356,0.754425349,0.024767923,-0.349964909
3.850567818,-0.08322306,2.196134806,-2.040978432,-0.554755356,0.754425349,0.024767923,-0.349964909
3.867049217,-0.082639106,2.195937157,-2.03997016,-0.550515446,0.753821758,0.021022205,-0.358111111
3.883797646,-0.082639106,2.195937157,-2.03997016,-0.550515446,0.753821758,0.021022205,-0.358111111
3.900212049,-0.082882665,2.195770025,-2.039291382,-0.545815284,0.75343517,0.016743801,-0.366252324
3.916964769,-0.082882665,2.195770025,-2.039291382,-0.545815284,0.75343517,0.016743801,-0.366252324
3.93351078,-0.082381189,2.195795774,-2.038193703,-0.540583741,0.752292151,0.012753922,-0.376381555
3.950248718,-0.082381189,2.195795774,-2.038193703,-0.540583741,0.752292151,0.012753922,-0.376381555
3.966892242,-0.081523895,2.197222471,-2.037081957,-0.536153983,0.750498816,0.008499017,-0.386287716
3.983619452,-0.081523895,2.197222471,-2.037081957,-0.536153983,0.750498816,0.008499017,-0.386287716
4.000197411,-0.080940835,2.197493076,-2.036152601,-0.531505596,0.748798894,0.003777029,-0.395964331
4.016947508,-0.080940835,2.197493076,-2.036152601,-0.531505596,0.748798894,0.003777029,-0.395964331
4.033642769,-0.07933218,2.197996855,-2.034846306,-0.525574286,0.747600477,-0.001449445,-0.406033367
4.050426245,-0.07933218,2.197996855,-2.034846306,-0.525574286,0.747600477,-0.001449445,-0.406033367
4.06709218,-0.078298703,2.197973967,-2.03371954,-0.519174184,0.746217469,-0.007203912,-0.416612241
4.083797693,-0.078298703,2.197973967,-2.03371954,-0.519174184,0.746217469,-0.007203912,-0.416612241
4.100306273,-0.078416713,2.199072123,-2.033218861,-0.512997781,0.744465779,-0.011742799,-0.427160493
4.116928816,-0.078416713,2.199072123,-2.033218861,-0.512997781,0.744465779,-0.011742799,-0.427160493
4.133655071,-0.077897362,2.198679924,-2.032260418,-0.508456106,0.741916912,-0.017256237,-0.436730932
4.15021944,-0.077897362,2.198679924,-2.032260418,-0.508456106,0.741916912,-0.017256237,-0.436730932
4.166914225,-0.076592706,2.199208498,-2.030554295,-0.502232331,0.740678005,-0.022096222,-0.445724731
4.183636427,-0.076592706,2.199208498,-2.030554295,-0.502232331,0.740678005,-0.022096222,-0.445724731
4.20025897,-0.075400725,2.1990242,-2.028499842,-0.495287644,0.739625289,-0.027103642,-0.454873581
4.21727705,-0.075400725,2.1990242,-2.028499842,-0.495287644,0.739625289,-0.027103642,-0.454873581
4.234124899,-0.0742466,2.198678255,-2.026146412,-0.488883143,0.738728835,-0.031794588,-0.462884527
4.250692129,-0.0742466,2.198678255,-2.026146412,-0.488883143,0.738728835,-0.031794588,-0.462884527
4.267370939,-0.073022693,2.198222399,-2.023582935,-0.483212635,0.736961901,-0.037299727,-0.471170283
4.284056187,-0.073022693,2.198222399,-2.023582935,-0.483212635,0.736961901,-0.037299727,-0.471170283
4.300639391,-0.071886651,2.198118687,-2.020927429,-0.476177725,0.735044458,-0.042280939,-0.480808425
4.317012548,-0.071886651,2.198118687,-2.020927429,-0.476177725,0.735044458,-0.042280939,-0.480808425
4.33363843,-0.07044626,2.198962927,-2.018039703,-0.470052202,0.732719246,-0.047812975,-0.489782966
4.350297213,-0.07044626,2.198962927,-2.018039703,-0.470052202,0.732719246,-0.047812975,-0.489782966
4.366933823,-0.069689542,2.199174881,-2.015774488,-0.463498268,0.729613442,-0.053511312,-0.499970119
4.383712053,-0.069689542,2.199174881,-2.015774488,-0.463498268,0.729613442,-0.053511312,-0.499970119
4.400249243,-0.068765238,2.199393988,-2.013855934,-0.45723197,0.725812407,-0.059555114,-0.510478661
4.416941643,-0.068765238,2.199393988,-2.013855934,-0.45723197,0.725812407,-0.059555114,-0.510478661
4.433670998,-0.068604484,2.200119972,-2.012688875,-0.450623643,0.722349265,-0.065925276,-0.520388057
4.450247765,-0.068604484,2.200119972,-2.012688875,-0.450623643,0.722349265,-0.065925276,-0.520388057
4.466926098,-0.067838199,2.200018644,-2.011015415,-0.442424632,0.719708912,-0.072344479,-0.530137532
4.483690739,-0.067838199,2.200018644,-2.011015415,-0.442424632,0.719708912,-0.072344479,-0.530137532
4.500264406,-0.06638597,2.199696541,-2.008679867,-0.434726602,0.718774764,-0.077557599,-0.536992029
4.516959667,-0.06638597,2.199696541,-2.008679867,-0.434726602,0.718774764,-0.077557599,-0.536992029
4.533647299,-0.065703146,2.200507879,-2.007295132,-0.429693341,0.715772782,-0.083425115,-0.544126096
4.550444126,-0.065703146,2.200507879,-2.007295132,-0.429693341,0.715772782,-0.083425115,-0.544126096
4.56692028,-0.064946048,2.200702429,-2.006499529,-0.424211426,0.713360748,-0.08847513,-0.550756989
4.583723068,-0.064946048,2.200702429,-2.006499529,-0.424211426,0.713360748,-0.08847513,-0.550756989
4.600237131,-0.064257234,2.200976849,-2.005654573,-0.418838664,0.710263048,-0.093315435,-0.558025811
4.617015362,-0.064257234,2.200976849,-2.005654573,-0.418838664,0.710263048,-0.093315435,-0.558025811
4.633611679,-0.063942447,2.201461554,-2.005260944,-0.41145576,0.706691463,-0.099718128,-0.566875321
4.650307178,-0.063942447,2.201461554,-2.005260944,-0.41145576,0.706691463,-0.099718128,-0.566875321
4.666932344,-0.063637741,2.202185631,-2.004820108,-0.405802216,0.702443604,-0.105967759,-0.575037719
4.683698654,-0.063637741,2.202185631,-2.004820108,-0.405802216,0.702443604,-0.105967759,-0.575037719
4.700242758,-0.062677197,2.203444958,-2.004119635,-0.398110004,0.697965756,-0.110952999,-0.584843278
4.717092991,-0.062677197,2.203444958,-2.004119635,-0.398110004,0.697965756,-0.110952999,-0.584843278
4.73358345,-0.06219998,2.204432487,-2.00356698,-0.390296759,0.69311109,-0.116783211,-0.594665568
4.750245333,-0.06219998,2.204432487,-2.00356698,-0.390296759,0.69311109,-0.116783211,-0.594665568
4.766931772,-0.061420988,2.205440044,-2.002128124,-0.383093904,0.689541658,-0.122969217,-0.60220423
4.783602238,-0.061420988,2.205440044,-2.002128124,-0.383093904,0.689541658,-0.122969217,-0.60220423
4.800316572,-0.060722951,2.207152605,-2.001930475,-0.374921725,0.685135707,-0.128942116,-0.611061939
4.81694746,-0.060722951,2.207152605,-2.001930475,-0.374921725,0.685135707,-0.128942116,-0.611061939
4.833636284,-0.059961662,2.208063126,-2.000964165,-0.369612859,0.679821095,-0.135579519,-0.618746965
4.850324154,-0.059961662,2.208063126,-2.000964165,-0.369612859,0.679821095,-0.135579519,-0.618746965
4.866966486,-0.059268564,2.209038019,-2.00019598,-0.363354676,0.674405077,-0.141974584,-0.626892645
4.883743525,-0.059268564,2.209038019,-2.00019598,-0.363354676,0.674405077,-0.141974584,-0.626892645
4.90028882,-0.057940219,2.209798813,-1.999035239,-0.357190143,0.670120768,-0.147961144,-0.633609389
4.917108297,-0.057940219,2.209798813,-1.999035239,-0.357190143,0.670120768,-0.147961144,-0.633609389
4.933645487,-0.05647127,2.21130681,-1.997578382,-0.350607083,0.666840331,-0.153259092,-0.639460943
4.950314045,-0.05647127,2.21130681,-1.997578382,-0.350607083,0.666840331,-0.153259092,-0.639460943
4.967470169,-0.054429859,2.212451696,-1.99601078,-0.343966559,0.663617214,-0.15678412,-0.645536938
4.984037876,-0.054429859,2.212451696,-1.99601078,-0.343966559,0.663617214,-0.15678412,-0.645536938
5.000697851,-0.052526567,2.21374917,-1.995298266,-0.338690611,0.66261864,-0.158081599,-0.649026514
5.017261744,-0.052526567,2.21374917,-1.995298266,-0.338690611,0.66261864,-0.158081599,-0.649026514
5.033778429,-0.050387997,2.214461565,-1.993763447,-0.332467951,0.661038267,-0.160514449,-0.653244658
5.05059433,-0.050387997,2.214461565,-1.993763447,-0.332467951,0.661038267,-0.160514449,-0.653244658
5.067237854,-0.048789777,2.215139866,-1.992080927,-0.326888333,0.65798933,-0.164392512,-0.658155879
5.083806038,-0.048789777,2.215139866,-1.992080927,-0.326888333,0.65798933,-0.164392512,-0.658155879
5.10048604,-0.047500808,2.215098619,-1.991086721,-0.321884543,0.656165613,-0.168742567,-0.661334239
5.117148638,-0.047500808,2.215098619,-1.991086721,-0.321884543,0.656165613,-0.168742567,-0.661334239
5.133949518,-0.046997655,2.21475172,-1.99041748,-0.31623126,0.653103418,-0.174136949,-0.665680132
5.150503874,-0.046997655,2.21475172,-1.99041748,-0.31623126,0.653103418,-0.174136949,-0.665680132
5.167146206,-0.047042578,2.213846684,-1.990035772,-0.309960944,0.648466794,-0.180401562,-0.671468768
5.183834076,-0.047042578,2.213846684,-1.990035772,-0.309960944,0.648466794,-0.180401562,-0.671468768
5.200423717,-0.046501782,2.213358641,-1.989592433,-0.302938777,0.645599157,-0.185605557,-0.676003257
5.217166185,-0.046501782,2.213358641,-1.989592433,-0.302938777,0.645599157,-0.185605557,-0.676003257
5.233801365,-0.046570018,2.212656975,-1.989195585,-0.297785974,0.643747273,-0.189390957,-0.679002229
5.250473738,-0.046570018,2.212656975,-1.989195585,-0.297785974,0.643747273,-0.189390957,-0.679002229
5.267056942,-0.046797492,2.211623192,-1.989176393,-0.294914809,0.639444524,-0.195042834,-0.682710955
5.28387928,-0.046797492,2.211623192,-1.989176393,-0.294914809,0.639444524,-0.195042834,-0.682710955
5.300541878,-0.046410207,2.210381031,-1.989023447,-0.291343461,0.636512541,-0.199364535,-0.685729214
5.317159414,-0.046410207,2.210381031,-1.989023447,-0.291343461,0.636512541,-0.199364535,-0.685729214
5.333832502,-0.046419442,2.209816933,-1.988794684,-0.287661281,0.633975367,-0.202959866,-0.688573536
5.350461245,-0.046419442,2.209816933,-1.988794684,-0.287661281,0.633975367,-0.202959866,-0.688573536
5.367130995,-0.047032703,2.20985651,-1.988916159,-0.284431244,0.631056122,-0.206778025,-0.691454906
5.383854389,-0.047032703,2.20985651,-1.988916159,-0.284431244,0.631056122,-0.206778025,-0.691454906
5.400448084,-0.047010604,2.209374905,-1.988683462,-0.282230946,0.629991594,-0.209318295,-0.692562009
5.41715765,-0.047010604,2.209374905,-1.988683462,-0.282230946,0.629991594,-0.209318295,-0.692562009
5.433670759,-0.046107836,2.209127903,-1.988165736,-0.279964659,0.629744013,-0.211122099,-0.693159237
5.4504354,-0.046107836,2.209127903,-1.988165736,-0.279964659,0.629744013,-0.211122099,-0.693159237
5.46698761,-0.044908453,2.209020615,-1.987149477,-0.276870972,0.629790523,-0.212511744,-0.693934522
5.483870983,-0.044908453,2.209020615,-1.987149477,-0.276870972,0.629790523,-0.212511744,-0.693934522
5.500372887,-0.044389404,2.208850384,-1.986667633,0.27497774,-0.629779366,0.212914316,0.694573745
5.517040968,-0.044389404,2.208850384,-1.986667633,0.27497774,-0.629779366,0.212914316,0.694573745
5.533713579,-0.04366082,2.209352732,-1.98632431,0.275092417,-0.628877094,0.214157332,0.694963596
5.550352812,-0.04366082,2.209352732,-1.98632431,0.275092417,-0.628877094,0.214157332,0.694963596
5.567045927,-0.043862585,2.209530115,-1.986215234,0.27363594,-0.627964793,0.214085292,0.696384289
5.58368969,-0.043862585,2.209530115,-1.986215234,0.27363594,-0.627964793,0.214085292,0.696384289
5.600346565,-0.043794204,2.210155964,-1.986518145,0.274238106,-0.6272524,0.214226889,0.696745814
5.617061138,-0.043794204,2.210155964,-1.986518145,0.274238106,-0.6272524,0.214226889,0.696745814
5.633725643,-0.044618282,2.210690498,-1.986810327,0.274828879,-0.626598118,0.214139048,0.697128649
5.650368452,-0.044618282,2.210690498,-1.986810327,0.274828879,-0.626598118,0.214139048,0.697128649
5.666997194,-0.044884156,2.210812092,-1.987100363,0.275491209,-0.625673616,0.214243839,0.697665176
5.683715343,-0.044884156,2.210812092,-1.987100363,0.275491209,-0.625673616,0.214243839,0.697665176
5.700703382,-0.044558223,2.211218596,-1.986871839,0.275925563,-0.625761291,0.214033697,0.697479367
5.717498302,-0.044558223,2.211218596,-1.986871839,0.275925563,-0.625761291,0.214033697,0.697479367
5.734145641,-0.045211174,2.211137772,-1.986888051,0.275898712,-0.6252887,0.213874499,0.697962493
5.750464201,-0.045211174,2.211137772,-1.986888051,0.275898712,-0.6252887,0.213874499,0.697962493
5.767470837,-0.045832761,2.21099782,-1.987092853,0.276537332,-0.625575793,0.214274886,0.697329409
5.784197807,-0.045832761,2.21099782,-1.987092853,0.276537332,-0.625575793,0.214274886,0.697329409
5.800834894,-0.047163669,2.210230112,-1.987247586,0.276906217,-0.625365586,0.214845244,0.697196064
5.817096233,-0.047163669,2.210230112,-1.987247586,0.276906217,-0.625365586,0.214845244,0.697196064
5.833859205,-0.047411263,2.210019588,-1.987580299,0.276850892,-0.625305336,0.214859573,0.697267656
5.850461483,-0.047411263,2.210019588,-1.987580299,0.276850892,-0.625305336,0.214859573,0.697267656
5.867120504,-0.047960408,2.209348202,-1.987460017,0.27880174,-0.626422157,0.214518053,0.695591026
5.883821249,-0.047960408,2.209348202,-1.987460017,0.27880174,-0.626422157,0.214518053,0.695591026
5.900462866,-0.048114337,2.209242344,-1.987546206,-0.281948068,0.628593763,-0.21255393,-0.692961756
5.91723156,-0.048114337,2.209242344,-1.987546206,-0.281948068,0.628593763,-0.21255393,-0.692961756
5.933882236,-0.048018984,2.209239721,-1.987795711,-0.285535751,0.631077216,-0.209653451,-0.690113261
5.950451136,-0.048018984,2.209239721,-1.987795711,-0.285535751,0.631077216,-0.209653451,-0.690113261
5.96707058,-0.0482562,2.209347486,-1.988139987,-0.290930619,0.633429939,-0.2062576,-0.686719513
5.9838202,-0.0482562,2.209347486,-1.988139987,-0.290930619,0.633429939,-0.2062576,-0.686719513
6.000425816,-0.048819076,2.209571362,-1.98860395,-0.299604398,0.635430165,-0.202334887,-0.68229488
6.017118931,-0.048819076,2.209571362,-1.98860395,-0.299604398,0.635430165,-0.202334887,-0.68229488
6.033842325,-0.049483895,2.209712505,-1.988819242,-0.306735628,0.638562983,-0.197557123,-0.677585238
6.050474644,-0.049483895,2.209712505,-1.988819242,-0.306735628,0.638562983,-0.197557123,-0.677585238
6.067130804,-0.050493721,2.209801674,-1.989406109,-0.313650813,0.642495016,-0.192670299,-0.672087403
6.083779335,-0.050493721,2.209801674,-1.989406109,-0.313650813,0.642495016,-0.192670299,-0.672087403
6.100432158,-0.051493917,2.209936619,-1.990124464,-0.322897519,0.646918292,-0.187440919,-0.664905871
6.11715579,-0.051493917,2.209936619,-1.990124464,-0.322897519,0.646918292,-0.187440919,-0.664905871
6.133758545,-0.052482922,2.209608316,-1.990425229,-0.333014791,0.651706581,-0.18221305,-0.65664152
6.150777817,-0.052482922,2.209608316,-1.990425229,-0.333014791,0.651706581,-0.18221305,-0.65664152
6.167154074,-0.053853944,2.208868265,-1.991133809,-0.344754565,0.656470574,-0.176461919,-0.647342156
6.183824539,-0.053853944,2.208868265,-1.991133809,-0.344754565,0.656470574,-0.176461919,-0.647342156
6.200433016,-0.055999428,2.207853794,-1.991901517,-0.355989666,0.662195913,-0.170261714,-0.637007755
6.217222691,-0.055999428,2.207853794,-1.991901517,-0.355989666,0.662195913,-0.170261714,-0.637007755
6.233757257,-0.057320409,2.207421541,-1.99197495,-0.367891956,0.667570454,-0.163501797,-0.626316501
6.250509739,-0.057320409,2.207421541,-1.99197495,-0.367891956,0.667570454,-0.163501797,-0.626316501
6.267111778,-0.059032161,2.206971407,-1.991793156,-0.380111464,0.672675745,-0.156405866,-0.615272154
6.283865452,-0.059032161,2.206971407,-1.991793156,-0.380111464,0.672675745,-0.156405866,-0.615272154
6.300400496,-0.061019786,2.206819296,-1.991826773,-0.390485211,0.678963779,-0.148890723,-0.60362326
6.317139149,-0.061019786,2.206819296,-1.991826773,-0.390485211,0.678963779,-0.148890723,-0.60362326
6.333920002,-0.062650174,2.206389904,-1.992013693,-0.40282322,0.68500312,-0.141553984,-0.590310638
6.350623608,-0.062650174,2.206389904,-1.992013693,-0.40282322,0.68500312,-0.141553984,-0.590310638
6.367243052,-0.064145312,2.206087112,-1.992302656,-0.415438,0.69076183,-0.134074358,-0.576440308
6.383984804,-0.064145312,2.206087112,-1.992302656,-0.415438,0.69076183,-0.134074358,-0.576440308
6.400421143,-0.06595026,2.205987215,-1.992990017,-0.425358079,0.697082525,-0.125812576,-0.563309555
6.417307615,-0.06595026,2.205987215,-1.992990017,-0.425358079,0.697082525,-0.125812576,-0.563309555
6.43387866,-0.068291083,2.206927776,-1.994040251,-0.436997997,0.702445769,-0.117676027,-0.54932235
6.450591564,-0.068291083,2.206927776,-1.994040251,-0.436997997,0.702445769,-0.117676027,-0.54932235
6.467116356,-0.070023052,2.207542181,-1.995334506,-0.450743704,0.705705826,-0.108466022,-0.535765361
6.48389554,-0.070023052,2.207542181,-1.995334506,-0.450743704,0.705705826,-0.108466022,-0.535765361
6.500432253,-0.071987696,2.208212137,-1.996700764,-0.460960214,0.708719768,-0.100628498,-0.524505364
6.51732111,-0.071987696,2.208212137,-1.996700764,-0.460960214,0.708719768,-0.100628498,-0.524505364
6.534046888,-0.073075294,2.208590031,-1.997825384,-0.469910962,0.71177444,-0.093977498,-0.513545581
6.55051136,-0.073075294,2.208590031,-1.997825384,-0.469910962,0.71177444,-0.093977498,-0.513545581
6.567364454,-0.073642917,2.209142923,-1.999118686,-0.478140519,0.716455765,-0.086723227,-0.500551558
6.583946705,-0.073642917,2.209142923,-1.999118686,-0.478140519,0.716455765,-0.086723227,-0.500551558
6.600517511,-0.074391477,2.209632158,-2.000774622,-0.486517274,0.721351236,-0.079471918,-0.486454058
6.617213726,-0.074391477,2.209632158,-2.000774622,-0.486517274,0.721351236,-0.079471918,-0.486454058
6.63398838,-0.075195186,2.210298538,-2.002450943,-0.494846584,0.724370414,-0.073000648,-0.47443152
6.65064764,-0.075195186,2.210298538,-2.002450943,-0.494846584,0.724370414,-0.073000648,-0.47443152
6.667200327,-0.076219469,2.211210489,-2.004068136,-0.502309032,0.726692988,-0.065593089,-0.464004832
6.683996677,-0.076219469,2.211210489,-2.004068136,-0.502309032,0.726692988,-0.065593089,-0.464004832
6.700517654,-0.076173656,2.211990595,-2.005399942,-0.509263078,0.730429019,-0.05783146,-0.451420079
6.717276573,-0.076173656,2.211990595,-2.005399942,-0.509263078,0.730429019,-0.05783146,-0.451420079
6.733889103,-0.076368429,2.212711811,-2.006533623,-0.515547997,0.734383267,-0.051582437,-0.438441253
6.750473261,-0.076368429,2.212711811,-2.006533623,-0.515547997,0.734383267,-0.051582437,-0.438441253
6.767174721,-0.077050604,2.21293807,-2.00790906,-0.519593006,0.737789675,-0.046091074,-0.428444999
6.783842325,-0.077050604,2.21293807,-2.00790906,-0.519593006,0.737789675,-0.046091074,-0.428444999
6.800475359,-0.077308118,2.213256598,-2.008845568,-0.522966379,0.742124935,-0.041331661,-0.417191134
6.817061186,-0.077308118,2.213256598,-2.008845568,-0.522966379,0.742124935,-0.041331661,-0.417191134
6.834121227,-0.077192105,2.213407993,-2.009503365,-0.526866785,0.747145481,-0.03557766,-0.40363257
6.850632668,-0.077192105,2.213407993,-2.009503365,-0.526866785,0.747145481,-0.03557766,-0.40363257
6.867500544,-0.077536568,2.213813305,-2.010193825,-0.532338927,0.751431739,-0.030299113,-0.388648391
6.883844376,-0.077536568,2.213813305,-2.010193825,-0.532338927,0.751431739,-0.030299113,-0.388648391
6.900454998,-0.078022748,2.213964462,-2.011437893,-0.537374275,0.754848618,-0.023118341,-0.375363818
6.917234421,-0.078022748,2.213964462,-2.011437893,-0.537374275,0.754848618,-0.023118341,-0.375363818
6.933713675,-0.078400537,2.214143038,-2.012148142,-0.544317389,0.757268753,-0.016998289,-0.360518618
6.950444698,-0.078400537,2.214143038,-2.012148142,-0.544317389,0.757268753,-0.016998289,-0.360518618
6.967403173,-0.078537174,2.214156151,-2.012912512,-0.549190069,0.760048027,-0.012307458,-0.347225851
6.984202147,-0.078537174,2.214156151,-2.012912512,-0.549190069,0.760048027,-0.012307458,-0.347225851
7.00038743,-0.078056887,2.2145257,-2.012994289,-0.553395137,0.763013174,-0.007041592,-0.333938818
7.016973495,-0.078056887,2.2145257,-2.012994289,-0.553395137,0.763013174,-0.007041592,-0.333938818
7.033651114,-0.077780008,2.215007782,-2.013434649,-0.560824893,0.764794353,-0.000240881,-0.317119818
7.050338268,-0.077780008,2.215007782,-2.013434649,-0.560824893,0.764794353,-0.000240881,-0.317119818
7.066949844,-0.07764101,2.214976788,-2.013724566,-0.568033417,0.766824849,0.006728148,-0.298784907
7.083718538,-0.07764101,2.214976788,-2.013724566,-0.568033417,0.766824849,0.006728148,-0.298784907
7.100331306,-0.077273175,2.214954376,-2.013632059,-0.576007163,0.768618856,0.014407291,-0.277908675
7.11707449,-0.077273175,2.214954376,-2.013632059,-0.576007163,0.768618856,0.014407291,-0.277908675
7.133643627,-0.077070311,2.215391874,-2.01352191,-0.582140014,0.771469862,0.021309997,-0.255916274
7.150346518,-0.077070311,2.215391874,-2.01352191,-0.582140014,0.771469862,0.021309997,-0.255916274
7.167077541,-0.077254005,2.215643167,-2.013893366,-0.587065637,0.773195937,0.025246176,-0.238504953
7.18366766,-0.077254005,2.215643167,-2.013893366,-0.587065637,0.773195937,0.025246176,-0.238504953
7.200547934,-0.078219235,2.215818405,-2.0151124,-0.592280764,0.773815761,0.028289863,-0.222738296
7.21735692,-0.078219235,2.215818405,-2.0151124,-0.592280764,0.773815761,0.028289863,-0.222738296
7.233834743,-0.07855998,2.215591669,-2.016512156,-0.597021437,0.774212481,0.030960512,-0.207850628
7.25041151,-0.07855998,2.215591669,-2.016512156,-0.597021437,0.774212481,0.030960512,-0.207850628
7.266961336,-0.079610534,2.215615749,-2.01931572,-0.600379082,0.773944516,0.033236666,-0.198620664
7.283728838,-0.079610534,2.215615749,-2.01931572,-0.600379082,0.773944516,0.033236666,-0.198620664
7.300298691,-0.081714183,2.216171265,-2.022890091,-0.60438659,0.771420966,0.03297152,-0.196314602
7.316898584,-0.081714183,2.216171265,-2.022890091,-0.60438659,0.771420966,0.03297152,-0.196314602
7.333585024,-0.083139576,2.21609807,-2.026031256,-0.607953253,0.769387504,0.033080462,-0.193239215
7.350305319,-0.083139576,2.21609807,-2.026031256,-0.607953253,0.769387504,0.033080462,-0.193239215
7.367034674,-0.085213937,2.215055704,-2.028876305,-0.610841629,0.768371472,0.032886222,-0.188138998
7.38365078,-0.085213937,2.215055704,-2.028876305,-0.610841629,0.768371472,0.032886222,-0.188138998
7.400369883,-0.085951701,2.214460373,-2.030331612,-0.612418183,0.767655943,0.03102476,-0.186241206
7.417037249,-0.085951701,2.214460373,-2.030331612,-0.612418183,0.767655943,0.03102476,-0.186241206
7.433691978,-0.087448068,2.213841677,-2.031489134,-0.614360996,0.766881085,0.029521304,-0.183255176
7.450376987,-0.087448068,2.213841677,-2.031489134,-0.614360996,0.766881085,0.029521304,-0.183255176
7.467017174,-0.088676058,2.212970734,-2.032871008,-0.617777582,0.765384908,0.028809942,-0.178064004
7.483795166,-0.088676058,2.212970734,-2.032871008,-0.617777582,0.765384908,0.028809942,-0.178064004
7.500398874,-0.088796586,2.213177681,-2.034298897,-0.619862127,0.76439271,0.029022802,-0.175021154
7.517270327,-0.088796586,2.213177681,-2.034298897,-0.619862127,0.76439271,0.029022802,-0.175021154
7.534218311,-0.089831613,2.213641405,-2.03559494,-0.621624465,0.763048268,0.029087614,-0.1746261
7.550703764,-0.089831613,2.213641405,-2.03559494,-0.621624465,0.763048268,0.029087614,-0.1746261
7.56746769,-0.090352125,2.213809252,-2.036391735,-0.623514693,0.761625363,0.030093615,-0.173927022
7.583957195,-0.090352125,2.213809252,-2.036391735,-0.623514693,0.761625363,0.030093615,-0.173927022
7.600803852,-0.090511262,2.214051723,-2.036786795,-0.625038979,0.760640854,0.031140517,-0.172574721
7.617258549,-0.090511262,2.214051723,-2.036786795,-0.625038979,0.760640854,0.031140517,-0.172574721
7.633931875,-0.090968914,2.21443367,-2.037495852,-0.625774756,0.76027631,0.031203221,-0.17149999
7.650483608,-0.090968914,2.21443367,-2.037495852,-0.625774756,0.76027631,0.031203221,-0.17149999
7.66725564,-0.091412976,2.214867115,-2.038070202,-0.625867718,0.760595273,0.030166995,-0.16992464
7.683922529,-0.091412976,2.214867115,-2.038070202,-0.625867718,0.760595273,0.030166995,-0.16992464
7.70045948,-0.092488371,2.2145648,-2.037545443,-0.625600795,0.761409142,0.029371639,-0.167383005
7.717404604,-0.092488371,2.2145648,-2.037545443,-0.625600795,0.761409142,0.029371639,-0.167383005
7.734128475,-0.093687199,2.213955879,-2.037479639,-0.626509286,0.76149057,0.028828493,-0.163667786
7.750680923,-0.093687199,2.213955879,-2.037479639,-0.626509286,0.76149057,0.028828493,-0.163667786
7.767212868,-0.095315278,2.212501526,-2.037480831,-0.628636031,0.761348675,0.027811399,-0.15617766
7.783945084,-0.095315278,2.212501526,-2.037480831,-0.628636031,0.761348675,0.027811399,-0.15617766
7.800480604,-0.098008066,2.210648298,-2.037689209,-0.630053063,0.762060249,0.024814403,-0.147246596
7.81715703,-0.098008066,2.210648298,-2.037689209,-0.630053063,0.762060249,0.024814403,-0.147246596
7.833853722,-0.100794554,2.209027529,-2.037976503,-0.629956733,0.763973468,0.020172941,-0.138174193
7.850489378,-0.100794554,2.209027529,-2.037976503,-0.629956733,0.763973468,0.020172941,-0.138174193
7.867146015,-0.105612949,2.207395315,-2.039566994,-0.631069357,0.765222895,0.014487501,-0.126394227
7.883925915,-0.105612949,2.207395315,-2.039566994,-0.631069357,0.765222895,0.014487501,-0.126394227
7.900422573,-0.11071831,2.204828262,-2.040641546,-0.633009826,0.76580142,0.008336687,-0.113036478
7.917246819,-0.11071831,2.204828262,-2.040641546,-0.633009826,0.76580142,0.008336687,-0.113036478
7.933782339,-0.116905801,2.202746153,-2.04249835,-0.634248838,0.766694485,0.001451725,-0.099528245
7.950661659,-0.116905801,2.202746153,-2.04249835,-0.634248838,0.766694485,0.001451725,-0.099528245
7.96712923,-0.124681033,2.200358391,-2.044791698,-0.635332742,0.767608984,-0.007627047,-0.084086754
7.984048128,-0.124681033,2.200358391,-2.044791698,-0.635332742,0.767608984,-0.007627047,-0.084086754
8.000518799,-0.133520737,2.197898149,-2.047852039,-0.636274469,0.768390687,-0.017923973,-0.066402437
8.017306566,-0.133520737,2.197898149,-2.047852039,-0.636274469,0.768390687,-0.017923973,-0.066402437
8.033756495,-0.143565118,2.19540453,-2.051226616,-0.637510567,0.768396418,-0.028683939,-0.048212575
8.050485849,-0.143565118,2.19540453,-2.051226616,-0.637510567,0.768396418,-0.028683939,-0.048212575
8.067146301,-0.154873967,2.192881584,-2.055217505,-0.640484331,0.766373817,-0.040019931,-0.029144474
8.083846807,-0.154873967,2.192881584,-2.055217505,-0.640484331,0.766373817,-0.040019931,-0.029144474
8.100437403,-0.167021632,2.19210124,-2.059627771,-0.644159423,0.763077245,-0.052100302,-0.007570674
8.117341518,-0.167021632,2.19210124,-2.059627771,-0.644159423,0.763077245,-0.052100302,-0.007570674
8.133948326,-0.178768396,2.190653801,-2.065445662,-0.64620656,0.760225332,-0.065529403,0.013432216
8.150470495,-0.178768396,2.190653801,-2.065445662,-0.64620656,0.760225332,-0.065529403,0.013432216
8.167186499,-0.191819906,2.190129519,-2.071385384,-0.647163354,0.75731918,-0.080794492,0.033458971
8.183891773,-0.191819906,2.190129519,-2.071385384,-0.647163354,0.75731918,-0.080794492,0.033458971
8.200499058,-0.20556508,2.189590693,-2.077267647,-0.646559401,0.754736008,-0.097914549,0.052414124
8.21720767,-0.20556508,2.189590693,-2.077267647,-0.646559401,0.754736008,-0.097914549,0.052414124
8.233897686,-0.219082654,2.189590931,-2.082872868,-0.644253445,0.752427331,-0.116926097,0.071546474
8.250473022,-0.219082654,2.189590931,-2.082872868,-0.644253445,0.752427331,-0.116926097,0.071546474
8.267155647,-0.232701227,2.190576553,-2.088335037,-0.643284331,0.74872237,-0.132517324,0.089661819
8.283899069,-0.232701227,2.190576553,-2.088335037,-0.643284331,0.74872237,-0.132517324,0.089661819
8.300467014,-0.246163666,2.192038059,-2.093785524,-0.642248232,0.744671662,-0.147943772,0.105327891
8.317026138,-0.246163666,2.192038059,-2.093785524,-0.642248232,0.744671662,-0.147943772,0.105327891
8.333765745,-0.260242552,2.19358778,-2.097277403,-0.640128411,0.74017463,-0.163926099,0.124520552
8.350477219,-0.260242552,2.19358778,-2.097277403,-0.640128411,0.74017463,-0.163926099,0.124520552
8.367105722,-0.27380231,2.195865631,-2.100991488,-0.635041851,0.737326426,-0.18257146,0.140496444
8.383821964,-0.27380231,2.195865631,-2.100991488,-0.635041851,0.737326426,-0.18257146,0.140496444
8.400412321,-0.287506193,2.198933125,-2.104884863,-0.630979678,0.732693411,-0.199748246,0.158510722
8.417122841,-0.287506193,2.198933125,-2.104884863,-0.630979678,0.732693411,-0.199748246,0.158510722
8.433877707,-0.301546544,2.2023139,-2.109323025,-0.624209179,0.729847044,-0.217993065,0.173681367
8.450585842,-0.301546544,2.2023139,-2.109323025,-0.624209179,0.729847044,-0.217993065,0.173681367
8.46715641,-0.315123081,2.205527306,-2.112716198,-0.618604416,0.724168,-0.237275365,0.191336578
8.483877182,-0.315123081,2.205527306,-2.112716198,-0.618604416,0.724168,-0.237275365,0.191336578
8.50047493,-0.327426672,2.21016717,-2.115100861,-0.610681244,0.721204624,-0.251250573,0.209297536
8.517310381,-0.327426672,2.21016717,-2.115100861,-0.610681244,0.721204624,-0.251250573,0.209297536
8.533743143,-0.340252519,2.214006901,-2.117412567,-0.606238586,0.713921107,-0.264816186,0.229485987
8.550769567,-0.340252519,2.214006901,-2.117412567,-0.606238586,0.713921107,-0.264816186,0.229485987
8.567056894,-0.353937894,2.218654871,-2.1198771,-0.59960741,0.706746667,-0.280908291,0.249139788
8.583753824,-0.353937894,2.218654871,-2.1198771,-0.59960741,0.706746667,-0.280908291,0.249139788
8.600325108,-0.367134482,2.223591566,-2.122502089,-0.591656958,0.699231165,-0.301641026,0.264632791
8.617093563,-0.367134482,2.223591566,-2.122502089,-0.591656958,0.699231165,-0.301641026,0.264632791
8.633726597,-0.37910679,2.228476286,-2.124100447,-0.58256657,0.693518827,-0.318414047,0.279750465
8.650442123,-0.37910679,2.228476286,-2.124100447,-0.58256657,0.693518827,-0.318414047,0.279750465
8.66705966,-0.391281515,2.233590364,-2.126262903,-0.574178914,0.685826678,-0.333303427,0.298109321
8.683872223,-0.391281515,2.233590364,-2.126262903,-0.574178914,0.685826678,-0.333303427,0.298109321
8.700407505,-0.401917785,2.23903203,-2.128708839,-0.568418533,0.678370736,-0.348588825,0.308543916
8.717493057,-0.401917785,2.23903203,-2.128708839,-0.568418533,0.678370736,-0.348588825,0.308543916
8.734098434,-0.411376297,2.24430728,-2.130866051,-0.560895827,0.672560738,-0.361239433,0.320256144
8.750680447,-0.411376297,2.24430728,-2.130866051,-0.560895827,0.672560738,-0.361239433,0.320256144
8.767143488,-0.421332508,2.249426842,-2.132072926,-0.554503433,0.664818928,-0.373757338,0.332937214
8.783842325,-0.421332508,2.249426842,-2.132072926,-0.554503433,0.664818928,-0.373757338,0.332937214
8.800439835,-0.4303101,2.255753994,-2.133630991,-0.544252601,0.658055192,-0.389842785,0.344637597
8.817100048,-0.4303101,2.255753994,-2.133630991,-0.544252601,0.658055192,-0.389842785,0.344637597
8.833828688,-0.438132644,2.261194229,-2.136201859,-0.53603249,0.649779718,-0.405464672,0.355040684
8.85055995,-0.438132644,2.261194229,-2.136201859,-0.53603249,0.649779718,-0.405464672,0.355040684
8.867273808,-0.444334745,2.26616931,-2.138476133,-0.530044623,0.641520962,-0.416494537,0.366109072
8.883810997,-0.444334745,2.26616931,-2.138476133,-0.530044623,0.641520962,-0.416494537,0.366109072
8.9004848,-0.450474322,2.2704916,-2.141004562,-0.525531444,0.634310244,-0.424277128,0.376106547
8.917260885,-0.450474322,2.2704916,-2.141004562,-0.525531444,0.634310244,-0.424277128,0.376106547
8.933914661,-0.454914451,2.274119854,-2.143586397,-0.521976686,0.628655841,-0.431349659,0.382452146
8.950512171,-0.454914451,2.274119854,-2.143586397,-0.521976686,0.628655841,-0.431349659,0.382452146
8.967200279,-0.459393203,2.277232885,-2.146118879,-0.519038277,0.621926847,-0.438387442,0.389387615
8.983911991,-0.459393203,2.277232885,-2.146118879,-0.519038277,0.621926847,-0.438387442,0.389387615
9.00053072,-0.464218825,2.281588554,-2.148383617,-0.516141583,0.616297441,-0.444160663,0.395596558
9.017212868,-0.464218825,2.281588554,-2.148383617,-0.516141583,0.616297441,-0.444160663,0.395596558
9.033892632,-0.468177646,2.285034895,-2.150971651,-0.510954369,0.612720132,-0.450917999,0.40021573
9.050554752,-0.468177646,2.285034895,-2.150971651,-0.510954369,0.612720132,-0.450917999,0.40021573
9.067222118,-0.470337778,2.287775517,-2.150081396,-0.50365632,0.609838738,-0.455974155,0.408062
9.083971977,-0.470337778,2.287775517,-2.150081396,-0.50365632,0.609838738,-0.455974155,0.408062
9.100532055,-0.471965373,2.289912224,-2.147420645,-0.496546376,0.605985366,-0.464418966,0.412963021
9.117250204,-0.471965373,2.289912224,-2.147420645,-0.496546376,0.605985366,-0.464418966,0.412963021
9.133790016,-0.476510167,2.290949106,-2.14828968,-0.491249546,0.602669023,-0.469034703,0.418891847
9.150525808,-0.476510167,2.290949106,-2.14828968,-0.491249546,0.602669023,-0.469034703,0.418891847
9.167248964,-0.478820175,2.29232502,-2.147318602,-0.488119364,0.598956961,-0.4755769,0.420495729
9.183921814,-0.478820175,2.29232502,-2.147318602,-0.488119364,0.598956961,-0.4755769,0.420495729
9.20058012,-0.478453338,2.293326616,-2.146402836,-0.48435745,0.598709039,-0.477074233,0.423492058
9.217161179,-0.478453338,2.293326616,-2.146402836,-0.48435745,0.598709039,-0.477074233,0.423492058
9.23385191,-0.478677243,2.293567419,-2.145394802,-0.483149627,0.598253453,-0.478791835,0.423577175
9.250572681,-0.478677243,2.293567419,-2.145394802,-0.483149627,0.598253453,-0.478791835,0.423577175
9.267178774,-0.481322646,2.293488503,-2.147858143,-0.483257179,0.597972669,-0.479781922,0.422729811
9.283911943,-0.481322646,2.293488503,-2.147858143,-0.483257179,0.597972669,-0.479781922,0.422729811
9.300457239,-0.48204121,2.293625593,-2.149475098,-0.483702234,0.596841339,-0.479060845,0.424633103
9.317002535,-0.48204121,2.293625593,-2.149475098,-0.483702234,0.596841339,-0.479060845,0.424633103
9.333793402,-0.482792854,2.293591261,-2.149578094,-0.483464707,0.596550126,-0.479168792,0.425190654
9.350548983,-0.482792854,2.293591261,-2.149578094,-0.483464707,0.596550126,-0.479168792,0.425190654
9.367161036,-0.482993692,2.293307781,-2.14957118,-0.484768595,0.596716206,-0.477354569,0.425513565
9.384253502,-0.482993692,2.293307781,-2.14957118,-0.484768595,0.596716206,-0.477354569,0.425513565
9.40077424,-0.483347088,2.293275118,-2.149637461,-0.484531094,0.596709813,-0.476866303,0.426339708
9.417513847,-0.483347088,2.293275118,-2.149637461,-0.484531094,0.596709813,-0.476866303,0.426339708
9.434149504,-0.483148903,2.292995214,-2.149652004,-0.484565997,0.59608099,-0.477119333,0.426896229
9.450765848,-0.483148903,2.292995214,-2.149652004,-0.484565997,0.59608099,-0.477119333,0.426896229
9.467235088,-0.482999295,2.292795897,-2.149494886,-0.484609429,0.596410839,-0.47684325,0.426694653
9.483804226,-0.482999295,2.292795897,-2.149494886,-0.484609429,0.596410839,-0.47684325,0.426694653
9.500375509,-0.483643234,2.292690992,-2.149574518,-0.484178214,0.59557836,-0.476445746,0.428785873
9.517198086,-0.483643234,2.292690992,-2.149574518,-0.484178214,0.59557836,-0.476445746,0.428785873
9.533701181,-0.484250188,2.292124271,-2.149344444,-0.482829574,0.595746764,-0.477757529,0.428613041
9.550508499,-0.484250188,2.292124271,-2.149344444,-0.482829574,0.595746764,-0.477757529,0.428613041
9.567174435,-0.484645486,2.29079628,-2.149199009,-0.482263517,0.596430785,-0.479072563,0.426827482
9.583732367,-0.484645486,2.29079628,-2.149199009,-0.482263517,0.596430785,-0.479072563,0.426827482
9.600383759,-0.485415727,2.28885603,-2.14944911,-0.482640754,0.596346881,-0.478231788,0.427460709
9.617059946,-0.485415727,2.28885603,-2.14944911,-0.482640754,0.596346881,-0.478231788,0.427460709
9.63374114,-0.486811101,2.286173105,-2.149632215,-0.482947716,0.595067663,-0.479365182,0.427627177
9.65039444,-0.486811101,2.286173105,-2.149632215,-0.482947716,0.595067663,-0.479365182,0.427627177
9.667029858,-0.48851344,2.282889366,-2.149903536,-0.483295257,0.59387229,-0.479777695,0.428432914
9.683756351,-0.48851344,2.282889366,-2.149903536,-0.483295257,0.59387229,-0.479777695,0.428432914
9.7004354,-0.490425676,2.278300047,-2.149401188,-0.481219587,0.594631514,-0.48121059,0.428109143
9.717086792,-0.490425676,2.278300047,-2.149401188,-0.481219587,0.594631514,-0.48121059,0.428109143
9.733874083,-0.492353499,2.273345232,-2.149319649,-0.480043079,0.593409584,-0.482882239,0.429241718
9.750395775,-0.492353499,2.273345232,-2.149319649,-0.480043079,0.593409584,-0.482882239,0.429241718
9.767015934,-0.49420476,2.267608881,-2.149189472,-0.480414366,0.591450635,-0.485052377,0.429083179
9.783862591,-0.49420476,2.267608881,-2.149189472,-0.480414366,0.591450635,-0.485052377,0.429083179
9.800413609,-0.496814549,2.260770082,-2.14891243,-0.480438599,0.589527408,-0.485727177,0.430935374
9.817034006,-0.496814549,2.260770082,-2.14891243,-0.480438599,0.589527408,-0.485727177,0.430935374
9.83387208,-0.500175416,2.252542257,-2.148790598,-0.479448523,0.590569927,-0.488107523,0.427910412
9.850505829,-0.500175416,2.252542257,-2.148790598,-0.479448523,0.590569927,-0.488107523,0.427910412
9.86712718,-0.503143728,2.243985653,-2.149202824,-0.480121751,0.589040206,-0.488432606,0.428891978
9.883684397,-0.503143728,2.243985653,-2.149202824,-0.480121751,0.589040206,-0.488432606,0.428891978
9.900294542,-0.50632,2.234786272,-2.149572849,-0.480956381,0.587635797,-0.490576817,0.427433639
9.916969299,-0.50632,2.234786272,-2.149572849,-0.480956381,0.587635797,-0.490576817,0.427433639
9.933600664,-0.508193552,2.225576401,-2.14900732,-0.480796071,0.58819611,-0.491879468,0.425341114
9.950310469,-0.508193552,2.225576401,-2.14900732,-0.480796071,0.58819611,-0.491879468,0.425341114
9.966997147,-0.510943353,2.215803623,-2.148811102,-0.481909245,0.585750394,-0.493756066,0.425282144
9.983715057,-0.510943353,2.215803623,-2.148811102,-0.481909245,0.585750394,-0.493756066,0.425282144
10.00033379,-0.513834536,2.205188274,-2.14905405,-0.482693976,0.583960801,-0.496005792,0.42423409
10.01699305,-0.513834536,2.205188274,-2.14905405,-0.482693976,0.583960801,-0.496005792,0.42423409
10.0336411,-0.517182767,2.194377661,-2.148822069,-0.482709056,0.582820317,-0.498677423,0.422650296
10.05039787,-0.517182767,2.194377661,-2.148822069,-0.482709056,0.582820317,-0.498677423,0.422650296
10.06703258,-0.520967543,2.182854176,-2.148831844,-0.482794951,0.580351781,-0.499346011,0.425152216
10.08376741,-0.520967543,2.182854176,-2.148831844,-0.482794951,0.580351781,-0.499346011,0.425152216
10.10037446,-0.524894357,2.171154022,-2.148335934,-0.483085481,0.580061832,-0.502819824,0.421104399
10.11715055,-0.524894357,2.171154022,-2.148335934,-0.483085481,0.580061832,-0.502819824,0.421104399
10.13366914,-0.528300285,2.159598112,-2.147835732,-0.482449562,0.578821658,-0.504006111,0.422120537
10.15039182,-0.528300285,2.159598112,-2.147835732,-0.482449562,0.578821658,-0.504006111,0.422120537
10.16696072,-0.531868279,2.148754835,-2.147702456,-0.481066509,0.576531979,-0.507419619,0.422742499
10.18369293,-0.531868279,2.148754835,-2.147702456,-0.481066509,0.576531979,-0.507419619,0.422742499
10.20035481,-0.534465075,2.138933659,-2.147712946,-0.481219994,0.573663939,-0.509511343,0.423951876
10.21709061,-0.534465075,2.138933659,-2.147712946,-0.481219994,0.573663939,-0.509511343,0.423951876
10.2336669,-0.538226426,2.129373312,-2.14796114,-0.480139383,0.569977941,-0.514121035,0.424583185
10.2503643,-0.538226426,2.129373312,-2.14796114,-0.480139383,0.569977941,-0.514121035,0.424583185
10.26694751,-0.541633248,2.12008667,-2.147662401,-0.477346878,0.566705458,-0.518303648,0.427020151
10.28370428,-0.541633248,2.12008667,-2.147662401,-0.477346878,0.566705458,-0.518303648,0.427020151
10.30030489,-0.544280529,2.111413717,-2.148374796,-0.475733748,0.564872286,-0.522045251,0.426691292
10.31698895,-0.544280529,2.111413717,-2.148374796,-0.475733748,0.564872286,-0.522045251,0.426691292
10.33361912,-0.545987189,2.102998495,-2.14859128,-0.476812048,0.563632057,-0.522505108,0.426564869
10.35044575,-0.545987189,2.102998495,-2.14859128,-0.476812048,0.563632057,-0.522505108,0.426564869
10.36706805,-0.547456384,2.095021248,-2.147979736,-0.477794052,0.564741092,-0.521260434,0.425520743
10.38380909,-0.547456384,2.095021248,-2.147979736,-0.477794052,0.564741092,-0.521260434,0.425520743
10.40040827,-0.54861325,2.088782072,-2.147605896,-0.478237886,0.565320786,-0.520669077,0.424976053
10.4171505,-0.54861325,2.088782072,-2.147605896,-0.478237886,0.565320786,-0.520669077,0.424976053
10.43366432,-0.549033165,2.082618713,-2.147842884,-0.479027576,0.565930301,-0.520018965,0.424070457
10.45038748,-0.549033165,2.082618713,-2.147842884,-0.479027576,0.565930301,-0.520018965,0.424070457
10.46698856,-0.550327361,2.078644991,-2.148316622,-0.478991689,0.565805714,-0.520181789,0.424077543
10.48367929,-0.550327361,2.078644991,-2.148316622,-0.478991689,0.565805714,-0.520181789,0.424077543
10.50036001,-0.551526785,2.076936007,-2.148197889,-0.478082888,0.565076836,-0.521054227,0.425002841
10.51703048,-0.551526785,2.076936007,-2.148197889,-0.478082888,0.565076836,-0.521054227,0.425002841
10.53399801,-0.55251801,2.074727297,-2.148380518,-0.477835985,0.564541974,-0.521619479,0.425297837
10.55042601,-0.55251801,2.074727297,-2.148380518,-0.477835985,0.564541974,-0.521619479,0.425297837
10.56712985,-0.552776635,2.074775696,-2.148641348,-0.477305447,0.563993573,-0.522305452,0.42577902
10.58367991,-0.552776635,2.074775696,-2.148641348,-0.477305447,0.563993573,-0.522305452,0.42577902
10.6003015,-0.553246737,2.075162172,-2.148558378,-0.475994163,0.563350451,-0.523089229,0.427134036
10.61696982,-0.553246737,2.075162172,-2.148558378,-0.475994163,0.563350451,-0.523089229,0.427134036
10.63362312,-0.552877307,2.074826241,-2.148457289,-0.475116276,0.563286795,-0.523325151,0.427905711
10.65032554,-0.552877307,2.074826241,-2.148457289,-0.475116276,0.563286795,-0.523325151,0.427905711
10.66718316,-0.552616477,2.074690104,-2.148538351,-0.475749803,0.564029558,-0.522655321,0.427041214
10.68416119,-0.552616477,2.074690104,-2.148538351,-0.475749803,0.564029558,-0.522655321,0.427041214
10.70088959,-0.552648723,2.07434082,-2.148600817,-0.476684305,0.564498141,-0.522125888,0.426026383
10.71714973,-0.552648723,2.07434082,-2.148600817,-0.476684305,0.564498141,-0.522125888,0.426026383
10.73370552,-0.552733243,2.074464798,-2.148779154,-0.477093921,0.564460035,-0.5221743,0.425558762
10.75040746,-0.552733243,2.074464798,-2.148779154,-0.477093921,0.564460035,-0.5221743,0.425558762
10.7670207,-0.552387178,2.074583054,-2.148679018,-0.477286277,0.564595274,-0.522102633,0.425251487
10.78374696,-0.552387178,2.074583054,-2.148679018,-0.477286277,0.564595274,-0.522102633,0.425251487
10.80032206,-0.552406371,2.074515581,-2.14860177,-0.476963447,0.564632123,-0.522180917,0.425468596
10.81693673,-0.552406371,2.074515581,-2.14860177,-0.476963447,0.564632123,-0.522180917,0.425468596
10.83372307,-0.552731633,2.074644089,-2.148692608,-0.476179948,0.564163765,-0.522600161,0.426451609
10.85055566,-0.552731633,2.074644089,-2.148692608,-0.476179948,0.564163765,-0.522600161,0.426451609
