'Time','X','Y','Z','x','y','z','w'
0.0,-0.18905231662052543,0.47563955338671454,-2.2700173800866734,0.21228268277810516,0.8815733329500203,-0.06663322917655745,-0.4163226320937013
0.0046460628509521484,-0.18905231662052543,0.47563955338671454,-2.2700173800866734,0.21228268277810516,0.8815733329500203,-0.06663322917655745,-0.4163226320937013
0.02400493621826172,-0.18905231662052543,0.47563955338671454,-2.2700173800866734,0.21228268277810516,0.8815733329500203,-0.06663322917655745,-0.4163226320937013
0.04164600372314453,-0.18906752564974352,0.4756024389723888,-2.269727421692458,0.21253657982633994,0.8814546693237756,-0.06674585974007893,-0.41642629404324727
0.05771589279174805,-0.18904748787342102,0.4755712813481915,-2.2694977406896975,0.2127319889586062,0.8813235253819476,-0.06696787197586052,-0.4165684200765538
0.07460808753967285,-0.18904748787342102,0.4755712813481915,-2.2694977406896975,0.2127319889586062,0.8813235253819476,-0.06696787197586052,-0.4165684200765538
0.09146499633789062,-0.18907494136898656,0.4755417735038441,-2.2692504839048757,0.21299965495325626,0.8811989576816859,-0.06715643231228563,-0.4166648024126704
0.10852503776550293,-0.18907494136898656,0.4755417735038441,-2.2692504839048757,0.21299965495325626,0.8811989576816859,-0.06715643231228563,-0.4166648024126704
0.12666988372802734,-0.18907494136898656,0.4755417735038441,-2.2692504839048757,0.21299965495325626,0.8811989576816859,-0.06715643231228563,-0.4166648024126704
0.14362001419067383,-0.18904313467888986,0.475465520650355,-2.2689484879143733,0.21322153175448263,0.8810965609397992,-0.06728562578615041,-0.41674701349727344
0.1606299877166748,-0.189027377054971,0.4754008502528667,-2.2686855653507876,0.2134255068471122,0.8809725339972031,-0.06751770990438563,-0.4168672525143556
0.18123292922973633,-0.189027377054971,0.4754008502528667,-2.2686855653507876,0.2134255068471122,0.8809725339972031,-0.06751770990438563,-0.4168672525143556
0.19834089279174805,-0.18900622987304444,0.47530407183100176,-2.2683893694954054,0.213702032715819,0.8808610021907376,-0.06764735656226267,-0.4169402489359771
0.21535205841064453,-0.18900622987304444,0.47530407183100176,-2.2683893694954054,0.213702032715819,0.8808610021907376,-0.06764735656226267,-0.4169402489359771
0.2328639030456543,-0.18900582296534513,0.4752339666600147,-2.268123455922621,0.2139215630464292,0.8807380543935482,-0.0678376325585494,-0.4170564710152471
0.24990010261535645,-0.18900582296534513,0.4752339666600147,-2.268123455922621,0.2139215630464292,0.8807380543935482,-0.0678376325585494,-0.4170564710152471
0.2682030200958252,-0.1890227477270326,0.47520449496152195,-2.2678762641163517,0.21409912434108827,0.8806262459220711,-0.06802833908585537,-0.41717037889907654
0.285214900970459,-0.1890227477270326,0.47520449496152195,-2.2678762641163517,0.21409912434108827,0.8806262459220711,-0.06802833908585537,-0.41717037889907654
0.3022279739379883,-0.188925240919895,0.475089520837397,-2.2675588209513173,0.21436580310299702,0.8805024443559698,-0.06814809153684691,-0.41727519164581883
0.31935596466064453,-0.188925240919895,0.475089520837397,-2.2675588209513173,0.21436580310299702,0.8805024443559698,-0.06814809153684691,-0.41727519164581883
0.3365190029144287,-0.18893654026068557,0.4750234282456682,-2.2672596729213037,0.21457548871634655,0.8803998002664382,-0.0683328263905942,-0.41735377819115277
0.3534979820251465,-0.18893654026068557,0.4750234282456682,-2.2672596729213037,0.21457548871634655,0.8803998002664382,-0.0683328263905942,-0.41735377819115277
0.3720059394836426,-0.18894028503850718,0.47499189454079394,-2.267013477945236,0.21476849569429687,0.8802830372349182,-0.068500909329199,-0.4174732243327102
0.38895487785339355,-0.18894028503850718,0.47499189454079394,-2.267013477945236,0.21476849569429687,0.8802830372349182,-0.068500909329199,-0.4174732243327102
0.4059770107269287,-0.18899310066696157,0.47496163470770014,-2.266773321385084,0.21499796835027649,0.880173088108351,-0.06864766566251991,-0.41756281751869345
0.42345309257507324,-0.18899310066696157,0.47496163470770014,-2.266773321385084,0.21499796835027649,0.880173088108351,-0.06864766566251991,-0.41756281751869345
0.44066596031188965,-0.18903485517142335,0.4749212021454502,-2.26652140430481,0.21521096225901204,0.8800604057535171,-0.06885376763089354,-0.41765665639558075
0.45862388610839844,-0.18903485517142335,0.4749212021454502,-2.26652140430481,0.21521096225901204,0.8800604057535171,-0.06885376763089354,-0.41765665639558075
0.4756350517272949,-0.18894552388631686,0.47484001676649956,-2.26624781072965,0.2153863412182546,0.8799533255071197,-0.0690243002871803,-0.41776370703477816
0.4926440715789795,-0.188961242907959,0.4747959602317215,-2.2659937141137423,0.21565699977923097,0.879833843158744,-0.06917546144282138,-0.41785071785615974
0.5096240043640137,-0.188961242907959,0.4747959602317215,-2.2659937141137423,0.21565699977923097,0.879833843158744,-0.06917546144282138,-0.41785071785615974
0.5266258716583252,-0.1889802113553661,0.47476000881249314,-2.2657111702599515,0.21589655437089147,0.8797205871314759,-0.0693693881103669,-0.41793331331807165
0.543536901473999,-0.1889802113553661,0.47476000881249314,-2.2657111702599515,0.21589655437089147,0.8797205871314759,-0.0693693881103669,-0.41793331331807165
0.5606040954589844,-0.18899524919933378,0.47466779878227117,-2.2654450355291367,0.2160895571829584,0.8796133409414902,-0.06951173404309337,-0.4180356354960002
0.578603982925415,-0.18899524919933378,0.47466779878227117,-2.2654450355291367,0.2160895571829584,0.8796133409414902,-0.06951173404309337,-0.4180356354960002
0.5956230163574219,-0.18901870796251538,0.4746200894796102,-2.2651730447842406,0.21636946369788787,0.879496343539641,-0.0696907430138507,-0.4181072078040124
0.6125409603118896,-0.18901870796251538,0.4746200894796102,-2.2651730447842406,0.21636946369788787,0.879496343539641,-0.0696907430138507,-0.4181072078040124
0.6302709579467773,-0.18900405870283182,0.4745330892831124,-2.264951321740461,0.21660038395202438,0.87937090336249,-0.06986297001603815,-0.41822273182099057
0.6472399234771729,-0.18900405870283185,0.4745330892831125,-2.2649513217404604,0.21660038395202436,0.8793709033624899,-0.06986297001603811,-0.4182227318209906
0.6642439365386963,-0.18900405870283185,0.4745330892831125,-2.2649513217404604,0.21660038395202436,0.8793709033624899,-0.06986297001603811,-0.4182227318209906
0.6812379360198975,-0.18908183037892026,0.47442064999988814,-2.2640888238194554,0.2206810618945552,0.8785166131823722,-0.07161884121517983,-0.4175873212474973
0.698491096496582,-0.1890158102991304,0.47447089937134207,-2.264376260183127,0.21706294826784106,0.8791528928611984,-0.0702018974090337,-0.4183844656093605
0.7161328792572021,-0.1890158102991304,0.47447089937134207,-2.264376260183127,0.21706294826784106,0.8791528928611984,-0.0702018974090337,-0.4183844656093605
0.7332160472869873,-0.1890055899405818,0.47439438565868697,-2.2641186874546264,0.21723020237253196,0.8790394620432848,-0.07036054313726506,-0.4185093276347262
0.7521700859069824,-0.1890055899405818,0.47439438565868697,-2.2641186874546264,0.21723020237253196,0.8790394620432848,-0.07036054313726506,-0.4185093276347262
0.7690770626068115,-0.18899034567606016,0.4743025033941688,-2.263838726020964,0.21743919442350473,0.8789388318695672,-0.07051211352171088,-0.4185866319018317
0.786067008972168,-0.18899034567606016,0.4743025033941688,-2.263838726020964,0.21743919442350473,0.8789388318695672,-0.07051211352171088,-0.4185866319018317
0.803178071975708,-0.18889368395620929,0.47421712154726325,-2.2634475344265454,0.21770994477401168,0.8788140894302277,-0.07065315003545487,-0.41868401994282556
0.8201639652252197,-0.18889368395620929,0.47421712154726325,-2.2634475344265454,0.21770994477401168,0.8788140894302277,-0.07065315003545487,-0.41868401994282556
0.8372130393981934,-0.18893508296917524,0.47419074959392804,-2.263235095252669,0.21789812459273528,0.878711460933069,-0.07081809963066713,-0.4187736530496417
0.858475923538208,-0.18893508296917524,0.47419074959392804,-2.263235095252669,0.21789812459273528,0.878711460933069,-0.07081809963066713,-0.4187736530496417
0.8754689693450928,-0.18896563652453488,0.47417056442206534,-2.2630490492275346,0.21806789292016077,0.8785910218921822,-0.07102690331544058,-0.4189026012490629
0.8923799991607666,-0.18901629275822793,0.4741305444781381,-2.262766841841459,0.21834379967917386,0.8784958159887217,-0.07120266295517567,-0.4189287137688972
0.9129049777984619,-0.18901629275822793,0.4741305444781381,-2.262766841841459,0.21834379967917386,0.8784958159887217,-0.07120266295517567,-0.4189287137688972
0.929893970489502,-0.1889862364970901,0.47403314879128566,-2.2624889309843503,0.2185785073756499,0.8783764478583583,-0.07135104133511891,-0.41903136023639087
0.9468340873718262,-0.1889862364970901,0.47403314879128566,-2.2624889309843503,0.2185785073756499,0.8783764478583583,-0.07135104133511891,-0.41903136023639087
0.9643130302429199,-0.18898645325208296,0.4739804679567895,-2.262211227714266,0.21879354388111383,0.8782598800787151,-0.07153210693898095,-0.4191325874671817
0.9812469482421875,-0.18898645325208296,0.4739804679567895,-2.262211227714266,0.21879354388111383,0.8782598800787151,-0.07153210693898095,-0.4191325874671817
0.9983429908752441,-0.18901772485289942,0.4739376204361312,-2.261937895609048,0.21900827369772827,0.8781639310165216,-0.07168224163536707,-0.4191958283996636
1.015286922454834,-0.18901772485289942,0.4739376204361312,-2.261937895609048,0.21900827369772827,0.8781639310165216,-0.07168224163536707,-0.4191958283996636
1.032470941543579,-0.18898962411333686,0.47382725258291886,-2.261670533829638,0.2192651583497789,0.8780332413070794,-0.0718386365654557,-0.41930851146864007
1.0494029521942139,-0.18898962411333686,0.47382725258291886,-2.261670533829638,0.2192651583497789,0.8780332413070794,-0.0718386365654557,-0.41930851146864007
1.066741943359375,-0.18895346460560725,0.4737158540053561,-2.261369579452694,0.21948259440387474,0.8779248248903193,-0.07201472012811956,-0.4193915505585625
1.0836570262908936,-0.18895346460560725,0.4737158540053561,-2.261369579452694,0.21948259440387474,0.8779248248903193,-0.07201472012811956,-0.4193915505585625
1.100614070892334,-0.18894414080644534,0.4736897359691434,-2.2611048531743627,0.21970101281264973,0.8778061110647208,-0.07221259723120724,-0.4194916413322803
1.1174709796905518,-0.18894414080644534,0.4736897359691434,-2.2611048531743627,0.21970101281264973,0.8778061110647208,-0.07221259723120724,-0.4194916413322803
1.1345551013946533,-0.18894117189946708,0.4736671779301801,-2.260851204383105,0.21988080852391237,0.8776930782511879,-0.07239870083596502,-0.4196018571814106
1.152750015258789,-0.18894117189946708,0.4736671779301801,-2.260851204383105,0.21988080852391237,0.8776930782511879,-0.07239870083596502,-0.4196018571814106
1.169792890548706,-0.1889730557314951,0.4736073569113702,-2.260557380523593,0.22009438732731845,0.8775935215037675,-0.0725903403318114,-0.41966500231987514
1.1867969036102295,-0.1889730557314951,0.4736073569113702,-2.260557380523593,0.22009438732731845,0.8775935215037675,-0.0725903403318114,-0.41966500231987514
1.2052381038665771,-0.18899302682624528,0.4735644476457091,-2.260333336969872,0.22033324401220233,0.8774742504291617,-0.07271797508639836,-0.4197669561985249
1.220992088317871,-0.18899302682624528,0.4735644476457091,-2.260333336969872,0.22033324401220233,0.8774742504291617,-0.07271797508639836,-0.4197669561985249
1.2380080223083496,-0.18898256072838351,0.47349418124999426,-2.260063642586939,0.2205326631913724,0.8773669379957426,-0.0729019748683881,-0.41985462083676556
1.2552740573883057,-0.18898256072838351,0.47349418124999426,-2.260063642586939,0.2205326631913724,0.8773669379957426,-0.0729019748683881,-0.41985462083676556
1.272217035293579,-0.18896642465288935,0.4734203820997581,-2.259749724906834,0.22075746279675207,0.8772587459213719,-0.07308332439272583,-0.4199310217401314
1.2891209125518799,-0.18896642465288935,0.4734203820997581,-2.259749724906834,0.22075746279675207,0.8772587459213719,-0.07308332439272583,-0.4199310217401314
1.3060710430145264,-0.1890075036040265,0.47337280820357286,-2.2594692935749308,0.2209821779409188,0.8771442366035784,-0.07323148730197358,-0.420026206912324
1.3232929706573486,-0.1890075036040265,0.47337280820357286,-2.2594692935749308,0.2209821779409188,0.8771442366035784,-0.07323148730197358,-0.420026206912324
1.3402268886566162,-0.18899188468250494,0.4732951016860907,-2.259199293936644,0.22118685257871604,0.877017665566719,-0.07346916016225984,-0.42014125366985366
1.3578479290008545,-0.18899188468250494,0.4732951016860907,-2.259199293936644,0.22118685257871604,0.877017665566719,-0.07346916016225984,-0.42014125366985366
1.3769340515136719,-0.18899573375058212,0.47320424524937876,-2.2588920886059216,0.2213994292307175,0.8769166562466324,-0.07358579336704645,-0.42021970652038776
1.39369797706604,-0.18898158079739194,0.47315385558473894,-2.258659368219605,0.2216293996111611,0.876807064134219,-0.07373669094491987,-0.42030070416407983
1.4106099605560303,-0.18898158079739194,0.47315385558473894,-2.258659368219605,0.2216293996111611,0.876807064134219,-0.07373669094491987,-0.42030070416407983
1.427443027496338,-0.18898259340923254,0.47305703497683976,-2.258390668113061,0.22183352686889574,0.8766660288135303,-0.0739631572067176,-0.42044739463723124
1.444361925125122,-0.18898259340923254,0.47305703497683976,-2.258390668113061,0.22183352686889574,0.8766660288135303,-0.0739631572067176,-0.42044739463723124
1.4612529277801514,-0.18898259340923254,0.47305703497683976,-2.258390668113061,0.22183352686889574,0.8766660288135303,-0.0739631572067176,-0.42044739463723124
1.4839849472045898,-0.18900356997434906,0.4730954738111106,-2.2580293086187737,0.2220906549193905,0.8765765257030884,-0.07406559973301242,-0.4204802284530966
1.5010840892791748,-0.18888814642311652,0.4729815297883679,-2.2577999896699534,0.22232821580857723,0.876448913671272,-0.0742531271324096,-0.42058761190848254
1.5180110931396484,-0.18888814642311652,0.4729815297883679,-2.2577999896699534,0.22232821580857723,0.876448913671272,-0.0742531271324096,-0.42058761190848254
1.5349819660186768,-0.1888707641665442,0.4728385473415972,-2.2575064442464288,0.22250402120417637,0.8763455187109123,-0.07441652636724376,-0.420681201133004
1.551975965499878,-0.1888707641665442,0.4728385473415972,-2.2575064442464288,0.22250402120417637,0.8763455187109123,-0.07441652636724376,-0.420681201133004
1.5724420547485352,-0.18894131765206898,0.472822995407076,-2.2572578995048285,0.22273863604332267,0.8762307371075635,-0.07456787662072921,-0.42076932770553965
1.589292049407959,-0.18894131765206898,0.472822995407076,-2.2572578995048285,0.22273863604332267,0.8762307371075635,-0.07456787662072921,-0.42076932770553965
1.6063640117645264,-0.1888401372218912,0.47271664342936326,-2.256916910153566,0.22293679194913438,0.8761263144149384,-0.07476376614981013,-0.4208470592224946
1.623595952987671,-0.1888401372218912,0.47271664342936326,-2.256916910153566,0.22293679194913438,0.8761263144149384,-0.07476376614981013,-0.4208470592224946
1.6405320167541504,-0.18890673070693903,0.47266540355622816,-2.2566741383267117,0.223123078743756,0.8760053510511234,-0.07493445287871574,-0.42096976665014013
1.658405065536499,-0.18897460374274122,0.4727554904379891,-2.256419210277266,0.22334310306073946,0.8759089360507679,-0.07508818103212375,-0.4210263164350874
1.6760380268096924,-0.18897460374274122,0.4727554904379891,-2.256419210277266,0.22334310306073946,0.8759089360507679,-0.07508818103212375,-0.4210263164350874
1.6930129528045654,-0.18897460374274122,0.4727554904379891,-2.256419210277266,0.22334310306073946,0.8759089360507679,-0.07508818103212375,-0.4210263164350874
1.7099900245666504,-0.1889226959902243,0.47266633925845425,-2.2561965327112716,0.22358216907029385,0.8757890092394581,-0.07528176489895387,-0.42111433226962214
1.7269210815429688,-0.18888347480825077,0.4725764613299903,-2.255896810930738,0.2237645191201818,0.8756855345824318,-0.07545811218377205,-0.4212010895185999
1.7439119815826416,-0.18888347480825077,0.4725764613299903,-2.255896810930738,0.2237645191201818,0.8756855345824318,-0.07545811218377205,-0.4212010895185999
1.7622230052947998,-0.1888834691908809,0.4725763607770195,-2.2558966296785226,0.22376469226590884,0.8756854591953005,-0.07545815460905125,-0.42120114666517183
1.7791659832000732,-0.18887174419586727,0.47236647908704865,-2.255518306482848,0.2241260751192951,0.8755280278057865,-0.07554670112785124,-0.4213203898778569
1.7961370944976807,-0.18885769836267816,0.4722348971954773,-2.2552650156750937,0.22441494367924703,0.8753844332191801,-0.07567033471602866,-0.421442792766633
1.814073085784912,-0.18885769836267816,0.4722348971954773,-2.2552650156750937,0.22441494367924703,0.8753844332191801,-0.07567033471602866,-0.421442792766633
1.8313519954681396,-0.18886095223490762,0.47215086746091545,-2.2550077567437348,0.22469147067513884,0.8752568647324936,-0.07580321099450682,-0.4215365191147874
1.8533148765563965,-0.18886095223490762,0.47215086746091545,-2.2550077567437348,0.22469147067513884,0.8752568647324936,-0.07580321099450682,-0.4215365191147874
1.8703739643096924,-0.18895439455901308,0.47212805261967666,-2.2547435235919613,0.2250049442170873,0.8751183390419726,-0.07596261231318223,-0.4216282121500428
1.8872740268707275,-0.18895439455901308,0.47212805261967666,-2.2547435235919613,0.2250049442170873,0.8751183390419726,-0.07596261231318223,-0.4216282121500428
1.9047200679779053,-0.18884540757314794,0.47202756529538664,-2.254462274680976,0.2253018246583081,0.8749734751950855,-0.07617126127312959,-0.42173266943258386
1.9217400550842285,-0.18884540757314794,0.47202756529538664,-2.254462274680976,0.2253018246583081,0.8749734751950855,-0.07617126127312959,-0.42173266943258386
1.943047046661377,-0.18881253977736354,0.47193281310310825,-2.254142573430735,0.22550812282181124,0.874870199944483,-0.07633268800094872,-0.4218074685600444
1.960226058959961,-0.18882166165178196,0.47186269594634067,-2.2537926519216254,0.2258196041710806,0.8747463575722453,-0.0764990029206116,-0.42186753707563013
1.9771909713745117,-0.18882166165178196,0.47186269594634067,-2.2537926519216254,0.2258196041710806,0.8747463575722453,-0.0764990029206116,-0.42186753707563013
1.9945449829101562,-0.18879976893349296,0.4717897274817929,-2.253567160679885,0.22604970006179329,0.8746285499512475,-0.07666286830880244,-0.42195880999787017
2.0114948749542236,-0.18879976893349296,0.4717897274817929,-2.253567160679885,0.22604970006179329,0.8746285499512475,-0.07666286830880244,-0.42195880999787017
2.0294981002807617,-0.18881119931746312,0.47172291323743337,-2.2532925521537015,0.22628685224533052,0.8745153839059044,-0.07683364424822241,-0.42203518209308855
2.0464589595794678,-0.18881119931746312,0.47172291323743337,-2.2532925521537015,0.22628685224533052,0.8745153839059044,-0.07683364424822241,-0.42203518209308855
2.0635271072387695,-0.18882916948571826,0.47168371213125276,-2.253006507041331,0.22654884011165566,0.8743854120672885,-0.07702551375720927,-0.42212894290538716
2.080718994140625,-0.18882916948571826,0.47168371213125276,-2.253006507041331,0.22654884011165566,0.8743854120672885,-0.07702551375720927,-0.42212894290538716
2.0977020263671875,-0.1887226235360043,0.4715333015055286,-2.25263991681769,0.22680099418146074,0.8742726754544048,-0.07717125697190495,-0.42220042052261697
2.1146209239959717,-0.1887226235360043,0.4715333015055286,-2.25263991681769,0.22680099418146074,0.8742726754544048,-0.07717125697190495,-0.42220042052261697
2.1315701007843018,-0.18876771937678655,0.4714904150690678,-2.2523905157407875,0.227024172490433,0.8741586641633516,-0.07736101435776419,-0.42228181162668715
2.1484899520874023,-0.18876771937678655,0.4714904150690678,-2.2523905157407875,0.227024172490433,0.8741586641633516,-0.07736101435776419,-0.42228181162668715
2.1654698848724365,-0.18880153936774172,0.4714463959981278,-2.2521477615553342,0.22727042512201032,0.8740387733417476,-0.07753687908449669,-0.4223652553678512
2.1824300289154053,-0.18880153936774172,0.4714463959981278,-2.2521477615553342,0.22727042512201032,0.8740387733417476,-0.07753687908449669,-0.4223652553678512
2.199380874633789,-0.188808498049241,0.4714049609058202,-2.251918598345744,0.22749821337059284,0.8739283048511217,-0.07765669170173621,-0.4224491911782703
2.216171979904175,-0.188808498049241,0.4714049609058202,-2.251918598345744,0.22749821337059284,0.8739283048511217,-0.07765669170173621,-0.4224491911782703
2.2336690425872803,-0.1888023421984119,0.47138431028741123,-2.251552207764314,0.22769851770587143,0.8738187818779967,-0.07785724208295093,-0.4225309116822577
2.250319004058838,-0.1888023421984119,0.47138431028741123,-2.251552207764314,0.22769851770587143,0.8738187818779967,-0.07785724208295093,-0.4225309116822577
2.2672510147094727,-0.18876630302116432,0.4712958871935677,-2.2513263074933083,0.22792094936888624,0.873706855694234,-0.07799651320748242,-0.4226167472771943
2.284121036529541,-0.18876630302116432,0.4712958871935677,-2.2513263074933083,0.22792094936888624,0.873706855694234,-0.07799651320748242,-0.4226167472771943
2.3031179904937744,-0.1887770540913738,0.47124382630019845,-2.2510577036560893,0.22813274739910216,0.873596008268833,-0.07820066857507922,-0.4226938837211973
2.3201189041137695,-0.1887770540913738,0.47124382630019845,-2.2510577036560893,0.22813274739910216,0.873596008268833,-0.07820066857507922,-0.4226938837211973
2.337061882019043,-0.18881658829532727,0.4711787355623562,-2.2507911937013683,0.22837798127166642,0.8734838251903384,-0.07840181978550043,-0.4227560282899053
2.353991985321045,-0.18881658829532727,0.4711787355623562,-2.2507911937013683,0.22837798127166642,0.8734838251903384,-0.07840181978550043,-0.4227560282899053
2.3709490299224854,-0.1888276468837669,0.4711615339897584,-2.2504934651802166,0.228596372700356,0.8733645665447463,-0.07853409572640688,-0.4228598208635852
2.388375997543335,-0.1888276468837669,0.4711615339897584,-2.2504934651802166,0.228596372700356,0.8733645665447463,-0.07853409572640688,-0.4228598208635852
2.4061810970306396,-0.18881119847724587,0.4710816594159251,-2.250215780510321,0.22880676011374562,0.873235016558247,-0.07871398939110755,-0.42298011803973196
2.42313289642334,-0.18881119847724587,0.4710816594159251,-2.250215780510321,0.22880676011374562,0.873235016558247,-0.07871398939110755,-0.42298011803973196
2.440480947494507,-0.1888254118409594,0.47098391729724987,-2.249901176245354,0.2290495440975705,0.8731199345798573,-0.0788636752389008,-0.4230583965787397
2.4577059745788574,-0.1888254118409594,0.47098391729724987,-2.249901176245354,0.2290495440975705,0.8731199345798573,-0.0788636752389008,-0.4230583965787397
2.4746220111846924,-0.1888388400779138,0.47095625675022085,-2.249649397703182,0.22927387473594418,0.8730040406035722,-0.07902512385193838,-0.4231459148492269
2.4915690422058105,-0.1888388400779138,0.47095625675022085,-2.249649397703182,0.22927387473594418,0.8730040406035722,-0.07902512385193838,-0.4231459148492269
2.5092148780822754,-0.18877004293220526,0.4707846376164328,-2.2493383202830004,0.22948686317026587,0.8728786853501932,-0.07922551019558015,-0.42325157864778257
2.5261940956115723,-0.18877004293220526,0.4707846376164328,-2.2493383202830004,0.22948686317026587,0.8728786853501932,-0.07922551019558015,-0.42325157864778257
2.5481410026550293,-0.18880427767236638,0.4707653113766116,-2.2490714426873843,0.2297257377256702,0.8727673715235647,-0.07937531652717567,-0.42332346941370425
2.565187931060791,-0.188824892974568,0.47074169184136666,-2.2488123810784764,0.2299207718972439,0.872667080751375,-0.07954225381931827,-0.4233930026351312
2.582273006439209,-0.188824892974568,0.47074169184136666,-2.2488123810784764,0.2299207718972439,0.872667080751375,-0.07954225381931827,-0.4233930026351312
2.5995290279388428,-0.18880412789478745,0.47064869692867234,-2.2485246882740437,0.23011921170646066,0.8725307357296586,-0.07976213777306267,-0.4235248103577036
2.6166470050811768,-0.18880412789478745,0.47064869692867234,-2.2485246882740437,0.23011921170646066,0.8725307357296586,-0.07976213777306267,-0.4235248103577036
2.634650945663452,-0.18878071879899147,0.47054009018579024,-2.247979590055381,0.2315015776570036,0.8725890125868123,-0.07946096819847173,-0.4227072144972829
2.6515800952911377,-0.18878071879899147,0.47054009018579024,-2.247979590055381,0.2315015776570036,0.8725890125868123,-0.07946096819847173,-0.4227072144972829
2.6686489582061768,-0.1888289912901774,0.47057628939799623,-2.247940933759306,0.23058646719377543,0.8723191287841257,-0.08007830237885737,-0.4236468862065652
2.687351942062378,-0.1888289912901774,0.47057628939799623,-2.247940933759306,0.23058646719377543,0.8723191287841257,-0.08007830237885737,-0.4236468862065652
2.7055978775024414,-0.18878499304452953,0.47050915871167587,-2.2476518396844165,0.23075538177387606,0.872202343336773,-0.08029929178054844,-0.42375352482283524
2.721139907836914,-0.18878499304452953,0.47050915871167587,-2.2476518396844165,0.23075538177387606,0.872202343336773,-0.08029929178054844,-0.42375352482283524
2.7380359172821045,-0.1887901265496219,0.4704428643640629,-2.2473692519668633,0.2310040020651648,0.8720934525584427,-0.0804200059722574,-0.4238192818572494
2.75492787361145,-0.1887901265496219,0.4704428643640629,-2.2473692519668633,0.2310040020651648,0.8720934525584427,-0.0804200059722574,-0.4238192818572494
2.77189302444458,-0.18877513997578074,0.47032423270124535,-2.2470725579164776,0.23120940527997882,0.8719759985295427,-0.08064269488867802,-0.4239066225710296
2.7916719913482666,-0.18879589435659994,0.47022783814844926,-2.2466651061965073,0.23133698825098536,0.8718608379555892,-0.08085555500659761,-0.42403331983573705
2.8086159229278564,-0.18879589435659994,0.47022783814844926,-2.2466651061965073,0.23133698825098536,0.8718608379555892,-0.08085555500659761,-0.42403331983573705
2.8254940509796143,-0.18873220678475552,0.470237962240517,-2.2464709460329537,0.23163426521689923,0.8717552411624936,-0.08097555561534356,-0.4240652379952128
2.843682050704956,-0.18873220678475552,0.470237962240517,-2.2464709460329537,0.23163426521689923,0.8717552411624936,-0.08097555561534356,-0.4240652379952128
2.860974073410034,-0.18873156445171782,0.470201268163478,-2.2462260274386594,0.23181135189092836,0.8716351897302569,-0.08115490661716136,-0.42418094522309624
2.87792706489563,-0.18873156445171782,0.470201268163478,-2.2462260274386594,0.23181135189092836,0.8716351897302569,-0.08115490661716136,-0.42418094522309624
2.895534038543701,-0.18871501623463655,0.4701079520478747,-2.2458856828436433,0.2319672083921946,0.8715315841277181,-0.08131195167318635,-0.4242785389501336
2.912445068359375,-0.18871501623463655,0.4701079520478747,-2.2458856828436433,0.2319672083921946,0.8715315841277181,-0.08131195167318635,-0.4242785389501336
2.929857015609741,-0.18871498418951937,0.47004505490140625,-2.2455209287410876,0.2322303206855269,0.8714209248934977,-0.08145759114561743,-0.42433396123432315
2.9467458724975586,-0.18871498418951937,0.47004505490140625,-2.2455209287410876,0.2322303206855269,0.8714209248934977,-0.08145759114561743,-0.42433396123432315
2.9637529850006104,-0.18867370898088073,0.46992561505447683,-2.245259144979988,0.2324540906262808,0.8713060133924557,-0.08163186904608384,-0.4244139073278559
2.981442928314209,-0.18867370898088073,0.46992561505447683,-2.245259144979988,0.2324540906262808,0.8713060133924557,-0.08163186904608384,-0.4244139073278559
2.998555898666382,-0.18870463176171698,0.4698901904203111,-2.244952097384533,0.23257692173088698,0.8712169897256428,-0.08178663320648365,-0.4244995629212383
3.0155038833618164,-0.18870463176171698,0.4698901904203111,-2.244952097384533,0.23257692173088698,0.8712169897256428,-0.08178663320648365,-0.4244995629212383
3.0326640605926514,-0.18882900554049967,0.469734858811856,-2.2440564581248026,0.23653445169122034,0.8702929537093835,-0.08366491822821379,-0.42384172676223986
3.049556016921997,-0.18882900554049967,0.469734858811856,-2.2440564581248026,0.23653445169122034,0.8702929537093835,-0.08366491822821379,-0.42384172676223986
3.06665301322937,-0.1887233379335009,0.4697721479419887,-2.244430270829703,0.23306637719411955,0.8709564677230281,-0.08216694933912425,-0.42469222690006464
3.0849449634552,-0.1887233379335009,0.4697721479419887,-2.244430270829703,0.23306637719411955,0.8709564677230281,-0.08216694933912425,-0.42469222690006464
3.1019840240478516,-0.18870168227030895,0.46972020654628427,-2.244129223852834,0.23327686272860643,0.8708405327658131,-0.08235913527003043,-0.424777170579148
3.11893892288208,-0.18870168227030895,0.46972020654628427,-2.244129223852834,0.23327686272860643,0.8708405327658131,-0.08235913527003043,-0.424777170579148
3.1358869075775146,-0.18868325924203272,0.4696703675492362,-2.2438064717224506,0.23345015663529944,0.8707280421884329,-0.08258303781856682,-0.4248690889889616
3.1549479961395264,-0.18868325924203272,0.4696703675492362,-2.2438064717224506,0.23345015663529944,0.8707280421884329,-0.08258303781856682,-0.4248690889889616
3.178088903427124,-0.1886591343078676,0.46954118117688665,-2.243504804577473,0.2336355879618902,0.8706139575521578,-0.08275347729387669,-0.42496777636527167
3.1950559616088867,-0.18865258919100897,0.46953025882832555,-2.243215159021618,0.23386303764715782,0.8705018010685586,-0.08291365503440014,-0.42504119772991
3.212038040161133,-0.18865258919100897,0.46953025882832555,-2.243215159021618,0.23386303764715782,0.8705018010685586,-0.08291365503440014,-0.42504119772991
3.2291789054870605,-0.18869460334560081,0.46948400959973313,-2.2429343897053866,0.23406142301376193,0.8703871582213965,-0.08310076969508726,-0.4251302237387253
3.2461249828338623,-0.18869460334560081,0.46948400959973313,-2.2429343897053866,0.23406142301376193,0.8703871582213965,-0.08310076969508726,-0.4251302237387253
3.2632880210876465,-0.18870088670515386,0.469468116275302,-2.2427206731517555,0.23425358098265087,0.8702876983349104,-0.08325647085920823,-0.42519753289947343
3.2803070545196533,-0.18870088670515386,0.469468116275302,-2.2427206731517555,0.23425358098265087,0.8702876983349104,-0.08325647085920823,-0.42519753289947343
3.2977349758148193,-0.18873740369691916,0.4693890391754933,-2.242403544341614,0.234476492543711,0.870165717727972,-0.08343302842104693,-0.42528969879818973
3.3146679401397705,-0.18873740369691916,0.4693890391754933,-2.242403544341614,0.234476492543711,0.870165717727972,-0.08343302842104693,-0.42528969879818973
3.33172607421875,-0.18875511359886216,0.46932338562045134,-2.2420658961166136,0.23467850035602067,0.8700584949995435,-0.08364520232132844,-0.4253559649028127
3.350693941116333,-0.18875511359886216,0.46932338562045134,-2.2420658961166136,0.23467850035602067,0.8700584949995435,-0.08364520232132844,-0.4253559649028127
3.3675849437713623,-0.1885844577887967,0.4692118818632483,-2.2417374223222977,0.23489741884500234,0.8699336331690541,-0.08379885620069717,-0.4254602545487652
3.384561061859131,-0.1885844577887967,0.4692118818632483,-2.2417374223222977,0.23489741884500234,0.8699336331690541,-0.08379885620069717,-0.4254602545487652
3.4015350341796875,-0.18864957915151012,0.46913793098983836,-2.241398405516578,0.2351127148922086,0.8698231718703828,-0.08397323900801701,-0.4255327908679475
3.418426036834717,-0.18864957915151012,0.46913793098983836,-2.241398405516578,0.2351127148922086,0.8698231718703828,-0.08397323900801701,-0.4255327908679475
3.43544602394104,-0.18853190481879806,0.46903808955665444,-2.241039104983875,0.23534951235684257,0.8697007748397779,-0.08415954148953012,-0.42561524978877174
3.4528520107269287,-0.18853190481879806,0.46903808955665444,-2.241039104983875,0.23534951235684257,0.8697007748397779,-0.08415954148953012,-0.42561524978877174
3.4697608947753906,-0.18861998260809115,0.4690228466830739,-2.240855429398808,0.23549848967834064,0.8695817934427734,-0.08434078898300792,-0.42574005823482725
3.4866230487823486,-0.18861998260809115,0.4690228466830739,-2.240855429398808,0.23549848967834064,0.8695817934427734,-0.08434078898300792,-0.42574005823482725
3.503618001937866,-0.1886672446308451,0.46901415457793016,-2.240591976508228,0.23571039156916584,0.8694732832098655,-0.08457182662132343,-0.4257985758929924
3.523366928100586,-0.1886672446308451,0.46901415457793016,-2.240591976508228,0.23571039156916584,0.8694732832098655,-0.08457182662132343,-0.4257985758929924
3.5406858921051025,-0.1886904539641316,0.468939295968649,-2.240291856314591,0.23591141120622233,0.8693685076398021,-0.0847477254848127,-0.4258662078775242
3.5579099655151367,-0.1886904539641316,0.468939295968649,-2.240291856314591,0.23591141120622233,0.8693685076398021,-0.0847477254848127,-0.4258662078775242
3.5776729583740234,-0.1886619589835436,0.468903766186371,-2.24002145175664,0.23609531912980278,0.8692523957080386,-0.08489029643371769,-0.42597289868280086
3.5945889949798584,-0.18869155723843264,0.4688254929879718,-2.2396851524357473,0.23632548907477852,0.8691371977951124,-0.08510507649969279,-0.42603746381792257
3.611514091491699,-0.18869155723843264,0.4688254929879718,-2.2396851524357473,0.23632548907477852,0.8691371977951124,-0.08510507649969279,-0.42603746381792257
3.628451108932495,-0.18869153665572297,0.4688253622598503,-2.2396846969678683,0.2363258758311537,0.8691369970442231,-0.08510530190566766,-0.4260376137961691
3.6453518867492676,-0.1886784414451117,0.4687421899122366,-2.2393949174447605,0.23657192684583633,0.8690092281763506,-0.08524870601810765,-0.42613301080182703
3.662307024002075,-0.18861388174904756,0.46866816405786116,-2.2391407744505214,0.2367510207084422,0.868911009277062,-0.08541393539502762,-0.426200741190067
3.679226875305176,-0.18861388174904756,0.46866816405786116,-2.2391407744505214,0.2367510207084422,0.868911009277062,-0.08541393539502762,-0.426200741190067
3.6962149143218994,-0.18863345848896845,0.46858305994898874,-2.2387948583829784,0.23694126918881583,0.8688009531087598,-0.08559538053969167,-0.4262829690038873
3.7143959999084473,-0.18863345848896845,0.46858305994898874,-2.2387948583829784,0.23694126918881583,0.8688009531087598,-0.08559538053969167,-0.4262829690038873
3.731559991836548,-0.18862222209887372,0.4685021627246297,-2.2384914343810167,0.237128252321966,0.8687003292233788,-0.08575956026624248,-0.4263510616626447
3.7485170364379883,-0.18862222209887372,0.4685021627246297,-2.2384914343810167,0.237128252321966,0.8687003292233788,-0.08575956026624248,-0.4263510616626447
3.765507936477661,-0.18862524456733762,0.4684764567289263,-2.23824777304971,0.23730601436302007,0.8685745573645898,-0.0860050246321854,-0.4264589424365055
3.783202886581421,-0.18862524456733762,0.4684764567289263,-2.23824777304971,0.23730601436302007,0.8685745573645898,-0.0860050246321854,-0.4264589424365055
3.8001480102539062,-0.18862416150399666,0.46843595161273754,-2.2379291256242126,0.2375341368800751,0.8684684073676843,-0.08614243270713955,-0.42652038697836214
3.8170359134674072,-0.18862416150399666,0.46843595161273754,-2.2379291256242126,0.2375341368800751,0.8684684073676843,-0.08614243270713955,-0.42652038697836214
3.834062099456787,-0.18864665272860504,0.46837205346312744,-2.237637039542104,0.2377546175010241,0.8683517730483552,-0.08632466363264424,-0.42659816285285485
3.8529300689697266,-0.18864665272860504,0.46837205346312744,-2.237637039542104,0.2377546175010241,0.8683517730483552,-0.08632466363264424,-0.42659816285285485
3.8699378967285156,-0.18871286468151943,0.46818585361911774,-2.236696907971439,0.24149241041952568,0.8674662535127816,-0.08823000950418154,-0.42590982631204677
3.886841058731079,-0.18871286468151943,0.46818585361911774,-2.236696907971439,0.24149241041952568,0.8674662535127816,-0.08823000950418154,-0.42590982631204677
3.9037230014801025,-0.18862897893443475,0.4682260649700747,-2.237046059277798,0.23817358116770165,0.868123544792561,-0.08667301648704359,-0.42675829742793214
3.9206159114837646,-0.18862897893443475,0.4682260649700747,-2.237046059277798,0.23817358116770165,0.868123544792561,-0.08667301648704359,-0.42675829742793214
3.9389309883117676,-0.18858315048777147,0.46814228246679623,-2.236742857911272,0.2383652075062827,0.8680100804514693,-0.08685747055315067,-0.4268445945472771
3.9564740657806396,-0.18858315048777147,0.46814228246679623,-2.236742857911272,0.2383652075062827,0.8680100804514693,-0.08685747055315067,-0.4268445945472771
3.9740469455718994,-0.18858608210107217,0.46803832097016923,-2.2363751893138577,0.2384646733889787,0.8678950358011042,-0.0870992822527407,-0.42697367765278643
3.9909420013427734,-0.18858498259016418,0.46800835031455956,-2.2360966161766775,0.23874914904096503,0.8677884079290529,-0.08722250888466955,-0.42700627260034346
4.008094072341919,-0.18858498259016418,0.46800835031455956,-2.2360966161766775,0.23874914904096503,0.8677884079290529,-0.08722250888466955,-0.42700627260034346
4.0252110958099365,-0.18858070961599704,0.46792301852423435,-2.235822209611336,0.23893023300721272,0.867673685854505,-0.08742173432482855,-0.4270973647757806
4.0421929359436035,-0.18858070961599704,0.46792301852423435,-2.235822209611336,0.23893023300721272,0.867673685854505,-0.08742173432482855,-0.4270973647757806
4.059171915054321,-0.1885806828488297,0.46792292235263216,-2.2358219362216047,0.2389303921745563,0.867673562823181,-0.08742191917610166,-0.4270974878416018
4.0761590003967285,-0.1885525653826624,0.4678218992695443,-2.2355347550485143,0.23909757703812692,0.867544282029942,-0.08761609113483136,-0.4272267406727982
4.09332799911499,-0.18854075737028086,0.4677669657796802,-2.2352276429539266,0.23934966945122618,0.8674501392259422,-0.08772946338570632,-0.4272534762228843
4.111079931259155,-0.18854075737028086,0.4677669657796802,-2.2352276429539266,0.23934966945122618,0.8674501392259422,-0.08772946338570632,-0.4272534762228843
4.12805700302124,-0.18855423870084626,0.46770195032055983,-2.2349232956813,0.23950252012717008,0.8673426048976578,-0.0879541188266616,-0.4273399367757542
4.145829916000366,-0.18855423870084626,0.46770195032055983,-2.2349232956813,0.23950252012717008,0.8673426048976578,-0.0879541188266616,-0.4273399367757542
4.162806034088135,-0.18853358239627488,0.46761731145313773,-2.2345898861102995,0.23965934205070555,0.8672270893242484,-0.08815687228856234,-0.4274446644634992
4.179886102676392,-0.18853358239627488,0.46761731145313773,-2.2345898861102995,0.23965934205070555,0.8672270893242484,-0.08815687228856234,-0.4274446644634992
4.198270082473755,-0.18855980377098253,0.4676324507604143,-2.2343028679147157,0.2399464692986017,0.8671061928220064,-0.08828180904877882,-0.4275030578041939
4.215216875076294,-0.18855980377098253,0.4676324507604143,-2.2343028679147157,0.2399464692986017,0.8671061928220064,-0.08828180904877882,-0.4275030578041939
4.232336044311523,-0.18854697957438843,0.46746861264226547,-2.233978080657156,0.24010982613034945,0.8670082945036468,-0.08847527299907326,-0.4275698945497341
4.354182004928589,-0.18854697957438843,0.46746861264226547,-2.233978080657156,0.24010982613034945,0.8670082945036468,-0.08847527299907326,-0.4275698945497341
4.354295969009399,-0.18854697957438843,0.46746861264226547,-2.233978080657156,0.24010982613034945,0.8670082945036468,-0.08847527299907326,-0.4275698945497341
4.372272968292236,-0.18848860180433324,0.4673600494025902,-2.233117746665667,0.24072344680343266,0.8666587232258407,-0.08903743965980561,-0.4278167995234143
4.390175104141235,-0.18851601948552382,0.46728752147696184,-2.232839498861408,0.24091995793266233,0.8665593876160369,-0.0891535523723025,-0.42788321502910415
4.407078981399536,-0.1885524296373692,0.46718147162260687,-2.2324704858704614,0.24112332039644768,0.8664450419788835,-0.0893991452831504,-0.4279489764140643
4.424710035324097,-0.18855242963736923,0.4671814716226073,-2.2324704858704623,0.24112332039644765,0.8664450419788833,-0.08939914528315038,-0.4279489764140643
4.441597938537598,-0.18850801941057113,0.46715414477059286,-2.2322122951658803,0.24129294168928928,0.8663349371532757,-0.08959359318026565,-0.4280356071866085
4.458468914031982,-0.1885033613318588,0.4671317001734311,-2.2318199345545713,0.24149330811596975,0.8662138328676101,-0.08975590953318058,-0.4281336877517124
4.47839093208313,-0.1885033613318588,0.4671317001734311,-2.2318199345545713,0.24149330811596975,0.8662138328676101,-0.08975590953318058,-0.4281336877517124
4.492090940475464,-0.18851572384407023,0.46705539737331286,-2.23163762292203,0.2416908045659454,0.8660902291989139,-0.08997353171213444,-0.42822661461623845
4.510960102081299,-0.18851572384407023,0.46705539737331286,-2.23163762292203,0.2416908045659454,0.8660902291989139,-0.08997353171213444,-0.42822661461623845
4.528233051300049,-0.18847065072457228,0.46697982571870644,-2.23136296502351,0.24183871896603096,0.8659903908664957,-0.09011284386460996,-0.42831571568925125
4.5451600551605225,-0.18847065072457228,0.46697982571870644,-2.23136296502351,0.24183871896603096,0.8659903908664957,-0.09011284386460996,-0.42831571568925125
4.562057018280029,-0.1884963549596572,0.4669112967965342,-2.2310436294965523,0.24206786999083463,0.8658648647954934,-0.0902530844532942,-0.4284105075478998
4.5789690017700195,-0.1884963549596572,0.4669112967965342,-2.2310436294965523,0.24206786999083463,0.8658648647954934,-0.0902530844532942,-0.4284105075478998
4.5959250926971436,-0.18849975885165468,0.46689100696553126,-2.230760623767742,0.2422768026963748,0.8657475424400751,-0.09048707034003178,-0.4284801439220612
4.612869024276733,-0.18849975885165468,0.46689100696553126,-2.230760623767742,0.2422768026963748,0.8657475424400751,-0.09048707034003178,-0.4284801439220612
4.629832029342651,-0.18847535231750656,0.46680657070511994,-2.2304770356682053,0.24246432147945385,0.8656395521774449,-0.0906487380818318,-0.42855807634404974
4.646756887435913,-0.18847535231750656,0.46680657070511994,-2.2304770356682053,0.24246432147945385,0.8656395521774449,-0.0906487380818318,-0.42855807634404974
4.663729906082153,-0.1884947676247969,0.4667407679196122,-2.2301665809698967,0.24268565941736248,0.8655161342981053,-0.09084277080028176,-0.42864097211553637
4.68078088760376,-0.1884947676247969,0.4667407679196122,-2.2301665809698967,0.24268565941736248,0.8655161342981053,-0.09084277080028176,-0.42864097211553637
4.698224067687988,-0.1884914136262284,0.46665235713172304,-2.2298539033907856,0.24291211107494645,0.8653935421085169,-0.09100444744843458,-0.42872591957402445
4.7155539989471436,-0.1884914136262284,0.46665235713172304,-2.2298539033907856,0.24291211107494645,0.8653935421085169,-0.09100444744843458,-0.42872591957402445
4.732028961181641,-0.18842376405163902,0.4665800330772134,-2.229506319074226,0.24307366522566515,0.8652880079773717,-0.09115540812473204,-0.4288152843520469
4.74891996383667,-0.18842376405163902,0.4665800330772134,-2.229506319074226,0.24307366522566515,0.8652880079773717,-0.09115540812473204,-0.4288152843520469
4.765870094299316,-0.18844844131364613,0.4664957131751113,-2.2291853787209597,0.24327576605261794,0.8651840667461217,-0.09135081703293003,-0.42886881505603847
4.782788991928101,-0.18844844131364613,0.4664957131751113,-2.2291853787209597,0.24327576605261794,0.8651840667461217,-0.09135081703293003,-0.42886881505603847
4.799727916717529,-0.18833881011269638,0.4663832006286969,-2.228826069607259,0.24347834346923122,0.8650677113860314,-0.09155736651071633,-0.4289445181097849
4.8166069984436035,-0.18833881011269638,0.4663832006286969,-2.228826069607259,0.24347834346923122,0.8650677113860314,-0.09155736651071633,-0.4289445181097849
4.834757089614868,-0.1883711723858937,0.46636894868478074,-2.228620718085078,0.24359557322979755,0.8649746106676103,-0.0916986165891117,-0.4290355268726654
4.852864980697632,-0.1883711723858937,0.46636894868478074,-2.228620718085078,0.24359557322979755,0.8649746106676103,-0.0916986165891117,-0.4290355268726654
4.870862007141113,-0.1884145750370118,0.46635695593707316,-2.2283050732829457,0.24379817539970228,0.8648668536022799,-0.09192504230973784,-0.4290892235983347
4.8877410888671875,-0.1884145750370118,0.46635695593707316,-2.2283050732829457,0.24379817539970228,0.8648668536022799,-0.09192504230973784,-0.4290892235983347
4.9058990478515625,-0.18840325837507998,0.4662959884407415,-2.2280318212438797,0.2439992183709587,0.8647520866999572,-0.09207057533463905,-0.4291750448709479
4.92428994178772,-0.18841047782117323,0.46621359572130133,-2.227759136849746,0.24413413361436348,0.8646408658539747,-0.09228910334359373,-0.4292754585387902
4.940648078918457,-0.18841047782117323,0.46621359572130133,-2.227759136849746,0.24413413361436348,0.8646408658539747,-0.09228910334359373,-0.4292754585387902
4.9602251052856445,-0.18841047782117323,0.46621359572130133,-2.227759136849746,0.24413413361436348,0.8646408658539747,-0.09228910334359373,-0.4292754585387902
4.974890947341919,-0.18845049180986,0.46616578762587163,-2.2274138217531143,0.2443412278484597,0.8645295547289658,-0.09246276135467542,-0.4293444434673769
4.99226188659668,-0.18845049180986,0.46616578762587163,-2.2274138217531143,0.2443412278484597,0.8645295547289658,-0.09246276135467542,-0.4293444434673769
